id,Tenancy__r:Contract:PMS_Reference__C,_pms_reference__c
006Nz00000BMMlEIAX,122486008009,122486008009
006Nz00000Bw9r0IAB,122486009005,122486009005
006Nz00000AVRarIAH,122486016007,122486016007
006Nz000008lDziIAE,122486018003,122486018003
006Pv00000D7tCBIAZ,122486018003,122486018003
006Nz000007k262IAA,122486026004,122486026004
006Pv000009IIm5IAG,122486026004,122486026004
006Nz000007uQwgIAE,122486032007,122486032007
006Nz000007u3GyIAI,122486033008,122486033008
006Nz000007bMtaIAE,122486035004,122486035004
006Pv00000Cz8ZlIAJ,122486035004,122486035004
006Nz000007t8FVIAY,122486040007,122486040007
006Nz000007yUM0IAM,122486061005,122486061005
006Nz000009ULEnIAO,122486070006,122486070006
006Pv00000DhPQQIA3,122486070006,122486070006
006Nz00000BtLOrIAN,122486098006,122486098006
006Nz000009tg4gIAA,122486099005,122486099005
006Pv00000AuBeBIAV,122486099005,122486099005
006Nz000009JgjBIAS,122564001004,122564001004
006Pv000009AMn0IAG,122564001004,122564001004
006Nz00000B5bNGIAZ,122586001009,122586001009
006Pv00000EkSHYIA3,122586001009,122586001009
006Nz000009WlOPIA0,122586014005,122586014005
006Pv00000EpzvtIAB,122586014005,122586014005
006Nz00000A5PjMIAV,122586022003,122586022003
006Pv00000EiBHTIA3,122586022003,122586022003
006Nz000008T9HuIAK,122587011003,122587011003
006Nz000008TNSvIAO,122587025004,122587025004
006Pv00000D8kCfIAJ,122587025004,122587025004
006Nz000009V3ULIA0,122600007008,122600007008
006Pv00000DHsz1IAD,122600007008,122600007008
006Nz00000AYrc5IAD,122600015004,122600015004
006Pv00000DpJAwIAN,122600015004,122600015004
006Nz000008nUd3IAE,122601002004,122601002004
006Pv00000D1uAVIAZ,122601002004,122601002004
006Nz00000BJmvTIAT,122601005012,122601005012
006Nz00000BM0UVIA1,122601010005,122601010005
006Nz0000093xMYIAY,122602001004,122602001004
006Pv00000DOpy4IAD,122602001004,122602001004
006Nz000009XEtRIAW,127057087003,127057087003
006Pv00000DMdY0IAL,127057087003,127057087003
006Nz00000ChqatIAB,127057237008,127057237008
006Nz000008SX9KIAW,127061001003,127061001003
006Nz00000AVxpHIAT,127107008002,127107008002
006Nz000009JUWlIAO,127181001003,127181001003
006Nz0000089fKIIAY,127229006003,127229006003
006Nz00000BXbKDIA1,127257001002,127257001002
006Nz000009l7IdIAI,127257004002,127257004002
006Nz000008bA73IAE,127283008002,127283008002
006Nz000007bChJIAU,127283010002,127283010002
006Nz00000B0UKjIAN,127286001002,127286001002
006Nz00000BXGsTIAX,127399001002,127399001002
006Nz000007tIRnIAM,127483039004,127483039004
006Pv00000Cz8ZnIAJ,127483039004,127483039004
006Nz000008TDYNIA4,127483047002,127483047002
006Pv00000Cz8ZqIAJ,127483047002,127483047002
006Nz000007w2gYIAQ,127535007002,127535007002
006Pv00000CaWTuIAN,127535007002,127535007002
006Nz000009t81RIAQ,127586008002,127586008002
006Nz00000AVhBJIA1,127634004002,127634004002
006Nz00000Cp0wmIAB,127634005003,127634005003
006Nz000007jni9IAA,127662006002,127662006002
006Nz00000AGumsIAD,127760001002,127760001002
006Nz00000CpAuUIAV,127831001001,127831001001
006Nz00000CZBWMIA5,127856001001,127856001001
006Nz00000CRkHaIAL,127857001001,127857001001
006Nz00000CiieLIAR,127858001001,127858001001
006Nz00000CiZ9fIAF,127859001001,127859001001
006Nz00000CRg4IIAT,127860001001,127860001001
006Nz00000CZ40DIAT,127861001001,127861001001
006Nz00000CZ8WrIAL,127862001001,127862001001
006Nz00000BJqJBIA1,217371020010,217371020010
006Nz00000CCyWAIA1,217371031006,217371031006
006Nz000008nprCIAQ,217371035005,217371035005
006Pv00000DMdXxIAL,217371035005,217371035005
006Nz00000AJB8ZIAX,217371052005,217371052005
006Pv00000EkSHTIA3,217371052005,217371052005
006Nz00000AOLTlIAP,217371054010,217371054010
006Pv00000DoDqcIAF,217371054010,217371054010
006Nz00000CC89NIAT,217371074008,217371074008
006Pv00000DXEmIIAX,217371074008,217371074008
006Nz000008G8UtIAK,217371078006,217371078006
006Nz000008qOMfIAM,217371085007,217371085007
006Pv000009EwjkIAC,217371085007,217371085007
006Nz000008gM5xIAE,217371088006,217371088006
006Pv00000DC8OzIAL,217371088006,217371088006
006Nz00000AnXRkIAN,217371101003,217371101003
006Pv00000EeTucIAF,217371101003,217371101003
006Nz00000BP6K3IAL,217371104005,217371104005
006Nz000009z6krIAA,222486002005,222486002005
006Pv00000DUPG8IAP,222486002005,222486002005
006Nz000009EXa1IAG,222486005008,222486005008
006Pv00000DHsyzIAD,222486005008,222486005008
006Nz00000BoXVVIA3,222486006008,222486006008
006Nz000008t3ggIAA,222487049004,222487049004
006Nz000009ESIbIAO,222487049004,222487049004
006Pv00000DMdXzIAL,222487049004,222487049004
006Nz00000CePorIAF,222487053004,222487053004
006Nz00000BNIItIAP,222487057010,222487057010
006Nz000008DaxCIAS,222488016005,222488016005
006Pv00000D9PR9IAN,222488016005,222488016005
006Nz000009J5mnIAC,222488027005,222488027005
006Pv00000DtVRxIAN,222488027005,222488027005
006Nz00000BLtmPIAT,222488030004,222488030004
006Nz00000A3qFgIAJ,222488034007,222488034007
006Pv00000EeTubIAF,222488034007,222488034007
006Nz00000BM6DLIA1,222488063007,222488063007
006Nz00000BJiwfIAD,222488066009,222488066009
006Nz0000091zqnIAA,222488076004,222488076004
006Pv00000DBJO4IAP,222488076004,222488076004
006Nz00000AoDypIAF,222489011005,222489011005
006Pv00000DxxUYIAZ,222489011005,222489011005
006Nz00000ASiBhIAL,222489012006,222489012006
006Nz00000Bd2GYIAZ,222489030004,222489030004
006Nz00000AMCw2IAH,222489048010,222489048010
006Pv00000Er3MRIAZ,222489048010,222489048010
006Nz00000ASrIBIA1,222490009006,222490009006
006Pv00000DqIW2IAN,222490009006,222490009006
006Nz00000AER4PIAX,222490013002,222490013002
006Pv00000DxxUWIAZ,222490013002,222490013002
006Nz000009VVlVIAW,222490014006,222490014006
006Pv00000DNiouIAD,222490014006,222490014006
006Nz000008FKwIIAW,222490016006,222490016006
006Pv00000DOpy3IAD,222490016006,222490016006
006Nz000008CHbcIAG,222521001006,222521001006
006Nz00000BJq9WIAT,222521044006,222521044006
006Nz00000BdLBAIA3,222522002004,222522002004
006Nz00000BZTg8IAH,222578062008,222578062008
006Nz00000COpgnIAD,222578122007,222578122007
006Nz00000BHWA3IAP,222579008004,222579008004
006Nz00000C6VOnIAN,222579011003,222579011003
006Nz00000CRKAIIA5,222579038004,222579038004
006Nz00000BoPrQIAV,222579065005,222579065005
006Nz00000BzQyeIAF,222579143008,222579143008
006Nz00000CFwUbIAL,222580017005,222580017005
006Pv00000Cy9UiIAJ,222580017005,222580017005
006Nz00000B5nZiIAJ,222580046004,222580046004
006Nz00000CHgthIAD,222581009002,222581009002
006Nz00000COA5lIAH,222581068006,222581068006
006Nz00000Aqul9IAB,222606005003,222606005003
006Nz00000BHSMGIA5,222611007004,222611007004
006Nz00000BM3LuIAL,222623005007,222623005007
006Pv00000Eok7oIAB,222623005007,222623005007
006Nz000008TT22IAG,222623019007,222623019007
006Pv00000D3aFhIAJ,222623019007,222623019007
006Nz00000BGQhoIAH,222623040005,222623040005
006Pv00000EutmkIAB,222623040005,222623040005
006Nz000008ywMHIAY,222623043003,222623043003
006Pv00000DMdXyIAL,222623043003,222623043003
006Nz00000AIWQMIA5,222623051004,222623051004
006Pv00000DmwNJIAZ,222623051004,222623051004
006Nz00000AIuvhIAD,222623055007,222623055007
006Pv00000Df04lIAB,222623055007,222623055007
006Nz00000A3AtAIAV,222623058003,222623058003
006Pv00000EtUAOIA3,222623058003,222623058003
006Nz000008z3u3IAA,222623059007,222623059007
006Nz00000BcpxfIAB,222623059007,222623059007
006Nz000009DsomIAC,222623073003,222623073003
006Pv00000D8kChIAJ,222623073003,222623073003
006Nz000009E6gJIAS,222623080004,222623080004
006Pv00000DaVFdIAN,222623080004,222623080004
006Nz000007eciTIAQ,222623106008,222623106008
006Nz00000BGVZNIA5,222623109002,222623109002
006Pv00000EeTugIAF,222623109002,222623109002
006Nz00000BELXiIAP,222623110005,222623110005
006Nz000009Xi3XIAS,222623113004,222623113004
006Pv00000Dle91IAB,222623113004,222623113004
006Nz000008V6j0IAC,222624034004,222624034004
006Pv00000DAQ6fIAH,222624034004,222624034004
006Nz000008SVVhIAO,222624037003,222624037003
006Pv00000Cz8ZpIAJ,222624037003,222624037003
006Nz00000B5OZdIAN,222624042004,222624042004
006Pv00000Eok7mIAB,222624042004,222624042004
006Nz000008yxDYIAY,222624044004,222624044004
006Pv00000DUPG6IAP,222624044004,222624044004
006Nz00000CIJ0UIAX,222624054007,222624054007
006Nz000007zDcEIAU,222624055003,222624055003
006Pv00000DOpy2IAD,222624055003,222624055003
006Nz000009y6OxIAI,222629015004,222629015004
006Pv00000Er3MPIAZ,222629015004,222629015004
006Nz000009xvmjIAA,222629028005,222629028005
006Pv00000DkQmSIAV,222629028005,222629028005
006Nz00000Bvi9GIAR,222629037003,222629037003
006Nz000009yAP8IAM,222629042004,222629042004
006Pv00000DRHrzIAH,222629042004,222629042004
006Nz0000082DSrIAM,222630002004,222630002004
006Pv00000DBJO3IAP,222630002004,222630002004
006Nz00000AW4ikIAD,222630017003,222630017003
006Pv00000DpJAvIAN,222630017003,222630017003
006Nz00000AiUmFIAV,222630020004,222630020004
006Nz000008QapeIAC,222630022006,222630022006
006Pv00000D3aFgIAJ,222630022006,222630022006
006Nz00000BzXNMIA3,222630025004,222630025004
006Nz00000CAMrZIAX,222630027004,222630027004
006Nz00000BWsLZIA1,222630035007,222630035007
006Nz000009EuGUIA0,222630046005,222630046005
006Pv00000Eok7kIAB,222630046005,222630046005
006Nz00000A6ilQIAR,222630060004,222630060004
006Nz000009xu10IAA,222630070004,222630070004
006Nz00000Ba8iJIAR,222630074004,222630074004
006Nz000009EqJLIA0,222630119004,222630119004
006Pv00000DJr7gIAD,222630119004,222630119004
006Nz000008sfWEIAY,222630126005,222630126005
006Pv00000Czn8HIAR,222630126005,222630126005
006Nz00000BvbmAIAR,222630150004,222630150004
006Nz00000AdJWXIA3,222630171004,222630171004
006Nz00000B0B6pIAF,222630173003,222630173003
006Nz00000Anq4bIAB,222630180004,222630180004
006Nz000009oZVGIA2,222630196005,222630196005
006Pv000009YTosIAG,222630196005,222630196005
006Nz000009yMrhIAE,222630215006,222630215006
006Nz00000AInqvIAD,222630216005,222630216005
006Nz0000090zxcIAA,222630223003,222630223003
006Pv00000DRHruIAH,222630223003,222630223003
006Nz00000BWcFAIA1,222630226006,222630226006
006Nz00000Adx5hIAB,222630229006,222630229006
006Pv00000Ed0hgIAB,222630229006,222630229006
006Nz000009EqeJIAS,222630235006,222630235006
006Pv00000D8kCiIAJ,222630235006,222630235006
006Nz00000AGu3hIAD,222630237002,222630237002
006Pv00000Df04kIAB,222630237002,222630237002
006Nz000009XqM1IAK,222631008006,222631008006
006Pv00000DgDChIAN,222631008006,222631008006
006Nz000009yd4cIAA,222631017003,222631017003
006Nz000009A3fPIAS,222631032006,222631032006
006Pv00000D3aFiIAJ,222631032006,222631032006
006Nz00000A84FEIAZ,222639008003,222639008003
006Pv00000DvxNKIAZ,222639008003,222639008003
006Nz00000AH5vDIAT,222639011003,222639011003
006Pv00000EbbtXIAR,222639011003,222639011003
006Nz000009o4RSIAY,222639030002,222639030002
006Pv00000DZh2hIAD,222639030002,222639030002
006Nz00000AL72MIAT,222639042005,222639042005
006Pv00000DxxUXIAZ,222639042005,222639042005
006Nz00000AGZbxIAH,222639059004,222639059004
006Pv00000Df04jIAB,222639059004,222639059004
006Nz000008nmGfIAI,222639074003,222639074003
006Nz000009KJUMIA4,222639083005,222639083005
006Pv00000DRHrwIAH,222639083005,222639083005
006Nz00000CGFloIAH,222639139003,222639139003
006Nz000007vzUCIAY,222640077005,222640077005
006Nz000008kQapIAE,222640077005,222640077005
006Pv00000AQbHWIA1,222640077005,222640077005
006Nz0000085Re8IAE,222640082004,222640082004
006Nz00000ADLX7IAP,222640101002,222640101002
006Pv00000DpJAtIAN,222640101002,222640101002
006Nz00000BEaa0IAD,222640103003,222640103003
006Pv00000Ed0hhIAB,222640103003,222640103003
006Nz00000BEoEjIAL,222640104003,222640104003
006Pv00000Ed0hiIAB,222640104003,222640104003
006Nz0000080AeaIAE,222643018002,222643018002
006Pv00000CaWTvIAN,222643018002,222643018002
006Nz000008IrSfIAK,222643034002,222643034002
006Pv00000Czn8EIAR,222643034002,222643034002
006Nz000008SMsFIAW,222643085003,222643085003
006Nz000007WLF2IAO,222643100002,222643100002
006Pv00000CgwX2IAJ,222643100002,222643100002
006Nz00000AOjXkIAL,222643101002,222643101002
006Nz0000089sxSIAQ,222643103002,222643103002
006Pv00000D7tC8IAJ,222643103002,222643103002
006Nz00000Al1SjIAJ,222648006003,222648006003
006Nz000008IGsyIAG,222648020004,222648020004
006Pv00000CuhWUIAZ,222648020004,222648020004
006Nz00000Al6aUIAR,222648032004,222648032004
006Nz00000AdweHIAR,222648043003,222648043003
006Pv00000EkSHXIA3,222648043003,222648043003
006Nz00000BZyW4IAL,222648044004,222648044004
006Nz000008QwqAIAS,222648045003,222648045003
006Pv00000DhPQOIA3,222648045003,222648045003
006Nz000008V55HIAS,222648076004,222648076004
006Pv00000Cz8ZrIAJ,222648076004,222648076004
006Nz00000CbSuUIAV,222648077004,222648077004
006Nz00000Ae2RxIAJ,222648102003,222648102003
006Nz00000BZdeTIAT,222648149004,222648149004
006Nz0000094cuOIAQ,222648179004,222648179004
006Pv00000DsSkeIAF,222648179004,222648179004
006Nz000007nbKCIAY,222648186002,222648186002
006Nz000009lQgFIAU,222648198002,222648198002
006Pv00000EtUANIA3,222648198002,222648198002
006Nz000009xwUqIAI,222649004003,222649004003
006Pv00000DmwNHIAZ,222649004003,222649004003
006Nz000009jMbwIAE,222649007002,222649007002
006Nz00000BH2yUIAT,222649026003,222649026003
006Nz000008kJEMIA2,222649030005,222649030005
006Nz000008gWq6IAE,222649042002,222649042002
006Pv000009BgGUIA0,222649042002,222649042002
006Nz000008AiftIAC,222649060002,222649060002
006Nz000009jixNIAQ,222650020003,222650020003
006Nz00000A9ZCFIA3,222650021003,222650021003
006Pv00000Dx3s8IAB,222650021003,222650021003
006Nz00000B8aOBIAZ,222650087002,222650087002
006Nz000009d9j3IAA,222650091004,222650091004
006Pv00000DiI1pIAF,222650091004,222650091004
006Nz00000BLwXMIA1,222650096002,222650096002
006Nz000009xzOuIAI,222650097002,222650097002
006Pv00000Dx3s7IAB,222650097002,222650097002
006Nz000008kFfPIAU,222652027002,222652027002
006Nz000008FyiRIAS,222652043003,222652043003
006Nz00000AnwjSIAR,222659005002,222659005002
006Pv00000EeTudIAF,222659005002,222659005002
006Nz00000C99I5IAJ,222659026003,222659026003
006Nz000008L5MiIAK,222659028003,222659028003
006Pv00000Dx3s5IAB,222659028003,222659028003
006Nz00000A0mRvIAJ,222659053003,222659053003
006Pv00000DvxNJIAZ,222659053003,222659053003
006Nz00000802rdIAA,222659064004,222659064004
006Pv00000D6douIAB,222659064004,222659064004
006Nz00000BzwtaIAB,222659065003,222659065003
006Nz00000B5y8VIAR,222659075002,222659075002
006Nz00000Aqm4PIAR,222659085005,222659085005
006Nz00000AnfvXIAR,222659094002,222659094002
006Nz000009Y1uBIAS,222659096003,222659096003
006Pv00000DXEmHIAX,222659096003,222659096003
006Nz000008kAJCIA2,222659109003,222659109003
006Pv00000Dx3s6IAB,222659109003,222659109003
006Nz000008G7LtIAK,222659121002,222659121002
006Nz00000C9LKtIAN,222661006003,222661006003
006Nz00000B2jZ0IAJ,222661014002,222661014002
006Pv00000EeTueIAF,222661014002,222661014002
006Nz000008Kn9dIAC,222661028004,222661028004
006Nz00000Bp9u9IAB,222664005002,222664005002
006Nz000008FVQMIA4,222664010003,222664010003
006Pv00000DDip8IAD,222664010003,222664010003
006Nz00000A0iEbIAJ,222664015004,222664015004
006Nz0000082MPhIAM,222664027002,222664027002
006Nz00000B7c78IAB,222664038004,222664038004
006Nz00000BpuD7IAJ,222664044004,222664044004
006Nz0000091MvlIAE,222664062002,222664062002
006Pv00000DYY6FIAX,222664062002,222664062002
006Nz00000BHTLrIAP,222664064003,222664064003
006Nz000008F26XIAS,222664068004,222664068004
006Pv00000DGxZNIA1,222664068004,222664068004
006Nz000008XqHlIAK,222664092003,222664092003
006Pv00000DAQ6gIAH,222664092003,222664092003
006Nz00000BcHzEIAV,222664103002,222664103002
006Nz00000AcrgoIAB,222666043004,222666043004
006Nz00000A85klIAB,222666050003,222666050003
006Nz00000BcwvtIAB,222666127003,222666127003
006Nz00000AO9u4IAD,222666151003,222666151003
006Nz00000ANu3oIAD,222666155006,222666155006
006Nz000007zVECIA2,222666163004,222666163004
006Pv00000CvkqQIAR,222666163004,222666163004
006Nz000009PkDlIAK,222666166003,222666166003
006Pv00000EbbtUIAR,222666166003,222666166003
006Nz00000BXYkYIAX,222666169003,222666169003
006Nz00000AjJDeIAN,222666183005,222666183005
006Pv00000EpzvuIAB,222666183005,222666183005
006Nz00000BEdHmIAL,222666187004,222666187004
006Nz00000AcnGdIAJ,222666209003,222666209003
006Nz00000AGKbJIAX,222666216003,222666216003
006Nz000009ZvmDIAS,222668021003,222668021003
006Pv00000EbbtVIAR,222668021003,222668021003
006Nz000008ABX6IAO,222676006005,222676006005
006Pv00000D5NxUIAV,222676006005,222676006005
006Nz000009Kiu9IAC,222676016005,222676016005
006Pv00000DGxZOIA1,222676016005,222676016005
006Nz000008DSt8IAG,222676017004,222676017004
006Pv00000DIuHCIA1,222676017004,222676017004
006Nz00000CV0fyIAD,222676038005,222676038005
006Nz000007apo0IAA,222676043003,222676043003
006Pv00000CbIjsIAF,222676043003,222676043003
006Nz000009qYq1IAE,222676056007,222676056007
006Nz00000CXukUIAT,222676056007,222676056007
006Nz000009YFp4IAG,222676083004,222676083004
006Pv00000DaVFeIAN,222676083004,222676083004
006Nz000009dIj9IAE,222676108005,222676108005
006Nz00000AFhYWIA1,222677002003,222677002003
006Nz00000AWVhHIAX,222677005002,222677005002
006Nz000008nwr4IAA,222677017005,222677017005
006Pv00000DxxUVIAZ,222677017005,222677017005
006Nz00000BNOHpIAP,222677023002,222677023002
006Nz00000CV7EPIA1,222677029003,222677029003
006Nz000007eUZfIAM,222677033002,222677033002
006Pv00000D1uASIAZ,222677033002,222677033002
006Nz00000AVVY4IAP,222677041002,222677041002
006Nz00000B5cEPIAZ,222677041002,222677041002
006Nz000007yqSnIAI,222677042006,222677042006
006Nz000008IQAqIAO,222677042006,222677042006
006Nz00000C5XZGIA3,222677042006,222677042006
006Nz0000089yGcIAI,222677059004,222677059004
006Pv00000DQ68kIAD,222677059004,222677059004
006Nz000008F40IIAS,222677061002,222677061002
006Nz000009nnLlIAI,222677068002,222677068002
006Nz00000CEyn0IAD,222677088004,222677088004
006Nz000009zSTdIAM,222677097003,222677097003
006Nz00000C9CpRIAV,222677098004,222677098004
006Nz00000BM7FpIAL,222678012006,222678012006
006Nz000008HlijIAC,222678023005,222678023005
006Pv00000DkQmRIAV,222678023005,222678023005
006Nz00000AIpkhIAD,222678028003,222678028003
006Pv00000EutmgIAB,222678028003,222678028003
006Nz000008CgoUIAS,222678030004,222678030004
006Pv00000DtVRwIAN,222678030004,222678030004
006Nz000008gfIHIAY,222678036002,222678036002
006Pv00000Crz87IAB,222678036002,222678036002
006Nz00000BddHhIAJ,222678046004,222678046004
006Nz000008HZ4qIAG,222678059003,222678059003
006Pv00000DG9XkIAL,222678059003,222678059003
006Nz00000BHEufIAH,222683001003,222683001003
006Nz00000B2ZhhIAF,222683005002,222683005002
006Nz00000BEFiSIAX,222683006003,222683006003
006Nz000008gl9FIAQ,222683011002,222683011002
006Pv00000DVoAoIAL,222683011002,222683011002
006Nz00000AFzVMIA1,222683013002,222683013002
006Nz00000ANO2JIAX,222683022002,222683022002
006Nz00000AdMUOIA3,222683030003,222683030003
006Nz00000BoxHuIAJ,222683034002,222683034002
006Nz00000B2prLIAR,222683036003,222683036003
006Nz000008yKH2IAM,222683038002,222683038002
006Pv00000DiI1oIAF,222683038002,222683038002
006Nz00000A5WMWIA3,222683041004,222683041004
006Nz00000ActaRIAR,222683053003,222683053003
006Nz000009dJC8IAM,222683059004,222683059004
006Pv00000DmwNGIAZ,222683059004,222683059004
006Nz0000091JbOIAU,222683060003,222683060003
006Pv00000DKga0IAD,222683060003,222683060003
006Nz00000BojA5IAJ,222683068004,222683068004
006Nz000009MBK3IAO,222683072002,222683072002
006Nz00000AiBy6IAF,222683077003,222683077003
006Nz000009MEFHIA4,222683089003,222683089003
006Nz00000BEw10IAD,222683091002,222683091002
006Nz00000AsecGIAR,222683104003,222683104003
006Nz00000AW7gXIAT,222683127003,222683127003
006Nz000009DchNIAS,222683128002,222683128002
006Pv00000EhJaUIAV,222683128002,222683128002
006Nz00000BDrubIAD,222683129002,222683129002
006Nz00000BXPCdIAP,222683137009,222683137009
006Nz000008nAsuIAE,222683138002,222683138002
006Pv00000Cz8ZsIAJ,222683138002,222683138002
006Nz00000AlFM2IAN,222683140002,222683140002
006Nz00000AizI9IAJ,222683148004,222683148004
006Nz00000COEXZIA5,222683157002,222683157002
006Pv00000B331RIAR,222683157002,222683157002
006Nz00000BoU33IAF,222683177003,222683177003
006Nz00000BXbAbIAL,222683184002,222683184002
006Nz00000AijmrIAB,222683186002,222683186002
006Nz000009UfmxIAC,222683187004,222683187004
006Pv00000DKga1IAD,222683187004,222683187004
006Nz00000AYXbqIAH,222683194002,222683194002
006Nz00000BmlCoIAJ,222683197003,222683197003
006Nz000009y1KDIAY,222683198003,222683198003
006Nz00000BGwUkIAL,222683205002,222683205002
006Nz0000084rKUIAY,222683208003,222683208003
006Pv00000DC8OyIAL,222683208003,222683208003
006Nz00000A1F46IAF,222683212003,222683212003
006Nz00000BwfCXIAZ,222685007002,222685007002
006Nz00000B2fqSIAR,222685008002,222685008002
006Nz00000AjGu5IAF,222685016003,222685016003
006Nz00000AODG8IAP,222685020002,222685020002
006Nz00000CY5MXIA1,222685029004,222685029004
006Nz000009GJciIAG,222685037002,222685037002
006Pv00000DG9XmIAL,222685037002,222685037002
006Nz000007ewngIAA,222686013003,222686013003
006Pv00000DJr7eIAD,222686013003,222686013003
006Nz000008hhQ7IAI,222686034002,222686034002
006Pv00000DNiotIAD,222686034002,222686034002
006Nz00000B2H86IAF,222686035003,222686035003
006Nz000008qSDLIA2,222686055003,222686055003
006Pv00000D7tCCIAZ,222686055003,222686055003
006Nz000008nY7HIAU,222686097003,222686097003
006Nz000008yKSKIA2,222686097003,222686097003
006Pv00000DaVFcIAN,222686097003,222686097003
006Nz00000AGVlHIAX,222686098003,222686098003
006Pv00000DaVFfIAN,222686098003,222686098003
006Nz000008KZbOIAW,222686107004,222686107004
006Nz0000093qcrIAA,222686110002,222686110002
006Pv00000DRHrvIAH,222686110002,222686110002
006Nz00000AdjXOIAZ,222686114005,222686114005
006Nz000008gONvIAM,222686125003,222686125003
006Pv00000Cy9UgIAJ,222686125003,222686125003
006Nz000008Z2AVIA0,222686128003,222686128003
006Nz000007tRgLIAU,222686129002,222686129002
006Pv00000DGxZMIA1,222686129002,222686129002
006Nz00000AifBNIAZ,222687005005,222687005005
006Pv00000C9cFFIAZ,222687005005,222687005005
006Nz0000096ru8IAA,222692013002,222692013002
006Nz00000BHCHmIAP,222693001001,222693001001
006Nz00000B7oLDIAZ,222693002001,222693002001
006Nz00000B7dO8IAJ,222693003001,222693003001
006Nz00000B8Z0xIAF,222693004001,222693004001
006Nz00000B64xGIAR,222693006001,222693006001
006Nz00000B5oPHIAZ,222693007001,222693007001
006Nz00000B7zEwIAJ,222693008001,222693008001
006Nz00000BNbF6IAL,222693009001,222693009001
006Nz00000B8WysIAF,222693010002,222693010002
006Nz00000BLnM2IAL,222693010002,222693010002
006Nz00000BGyhuIAD,222693011001,222693011001
006Pv00000EpzvvIAB,222693011001,222693011001
006Nz000008DeftIAC,222693014002,222693014002
006Nz00000A41cZIAR,222693015001,222693015001
006Pv00000DcSzvIAF,222693015001,222693015001
006Nz00000BXXgPIAX,222693017001,222693017001
006Nz00000BK7AJIA1,222693018001,222693018001
006Nz000009orAPIAY,222693019001,222693019001
006Pv00000DdjkBIAR,222693019001,222693019001
006Nz000009J95fIAC,222693020001,222693020001
006Nz00000Ast9rIAB,222693024001,222693024001
006Nz00000829p0IAA,222693025001,222693025001
006Pv00000Cy9UfIAJ,222693025001,222693025001
006Nz000009XG0nIAG,222694014002,222694014002
006Pv00000EhJaVIAV,222694014002,222694014002
006Nz00000BFD9tIAH,222695003001,222695003001
006Nz00000804S2IAI,222695006002,222695006002
006Nz00000ChwLJIAZ,222695006002,222695006002
006Nz00000Briz7IAB,222695015001,222695015001
006Nz000009XFJFIA4,222695017002,222695017002
006Pv000009MyEsIAK,222695017002,222695017002
006Nz000009yI89IAE,222695018001,222695018001
006Pv00000EhJaWIAV,222695018001,222695018001
006Nz00000C7HBiIAN,222697032001,222697032001
006Nz00000ATMPDIA5,222697039002,222697039002
006Pv00000DCyvRIAT,222697039002,222697039002
006Pv00000DdjkCIAR,222697039002,222697039002
006Nz00000AUEvpIAH,222697040001,222697040001
006Pv00000EtUAPIA3,222697040001,222697040001
006Nz00000AUqQ3IAL,222697041001,222697041001
006Pv00000DhPQTIA3,222697041001,222697041001
006Nz00000C7CiIIAV,222697042001,222697042001
006Nz00000BfpD7IAJ,222697043001,222697043001
006Pv00000EpzvwIAB,222697043001,222697043001
006Nz000008FT0HIAW,222700002001,222700002001
006Nz00000Bg3xeIAB,222708058002,222708058002
006Nz00000958B5IAI,222737084001,222737084001
006Nz00000CG7HyIAL,222737084001,222737084001
006Nz00000AntNPIAZ,222737088001,222737088001
006Nz000009quQlIAI,222737106002,222737106002
006Nz00000Ckoe1IAB,222737106002,222737106002
006Nz00000ALPTtIAP,222737127002,222737127002
006Nz00000A1JE9IAN,222737149002,222737149002
006Nz00000AijC0IAJ,222737164001,222737164001
006Nz000008nfiCIAQ,222737234001,222737234001
006Pv00000DRHrtIAH,222737234001,222737234001
006Nz00000AVUDmIAP,222737249003,222737249003
006Nz000009N6M8IAK,222748027001,222748027001
006Nz00000ClxSOIAZ,222748068001,222748068001
006Nz00000AiFK9IAN,222749029001,222749029001
006Nz00000AyFGBIA3,222749067001,222749067001
006Nz000008qXUjIAM,222749088003,222749088003
006Nz00000CRqDMIA1,222749137002,222749137002
006Nz000008bdaUIAQ,222749157001,222749157001
006Nz00000ChiDNIAZ,222749231001,222749231001
006Nz000008WFQnIAO,222749233001,222749233001
006Nz00000CYa2BIAT,222749266001,222749266001
006Pv00000BwmM5IAJ,222749266001,222749266001
006Nz00000B2yxqIAB,222752042002,222752042002
006Nz000009yBQ1IAM,222752061002,222752061002
006Pv000009tHavIAE,222752061002,222752061002
006Nz00000AikkXIAR,222752077001,222752077001
006Nz000008KOHpIAO,222752078001,222752078001
006Pv000009DNuUIAW,222752078001,222752078001
006Nz00000BWkMLIA1,222752089002,222752089002
006Nz00000AdsKaIAJ,222752098003,222752098003
006Pv00000DsSkfIAF,222752098003,222752098003
006Nz00000BCsMTIA1,222752101001,222752101001
006Pv00000EutmjIAB,222752101001,222752101001
006Nz00000B2xIeIAJ,222752103001,222752103001
006Nz000008Hz5lIAC,222752107001,222752107001
006Pv000009l684IAA,222752107001,222752107001
006Nz00000B8C8wIAF,222752109001,222752109001
006Nz00000B2MffIAF,222752129001,222752129001
006Nz000008TNj0IAG,222752140001,222752140001
006Nz00000A4KLlIAN,222752148001,222752148001
006Nz000009TyhyIAC,222752150001,222752150001
006Pv00000Eok7lIAB,222752150001,222752150001
006Nz00000B32a3IAB,222752156001,222752156001
006Nz00000AqTudIAF,222752164001,222752164001
006Pv00000DsSkgIAF,222752164001,222752164001
006Nz00000BomkmIAB,222752166001,222752166001
006Nz000008VULPIA4,222753002001,222753002001
006Pv00000DhPQPIA3,222753002001,222753002001
006Nz000008yafDIAQ,222753004001,222753004001
006Pv00000DJr7fIAD,222753004001,222753004001
006Nz00000CIyA5IAL,222753015001,222753015001
006Nz00000B8cztIAB,222753031001,222753031001
006Nz00000Bv5JEIAZ,222753032001,222753032001
006Nz00000BED8oIAH,222753044001,222753044001
006Nz000009lIluIAE,222753051001,222753051001
006Pv00000ElwmuIAB,222753051001,222753051001
006Nz00000BdhpxIAB,222753059001,222753059001
006Nz00000A5xJRIAZ,222753063001,222753063001
006Nz00000BN0CIIA1,222753071001,222753071001
006Nz00000BzbJ4IAJ,222753083001,222753083001
006Nz00000BGpWXIA1,222753087001,222753087001
006Nz00000AZDHZIA5,222753088001,222753088001
006Nz00000C991yIAB,222753092001,222753092001
006Nz00000C6Mn5IAF,222753094001,222753094001
006Nz00000BCqZDIA1,222753099001,222753099001
006Nz00000BzVmzIAF,222753105001,222753105001
006Nz00000BvrECIAZ,222753107001,222753107001
006Nz000009cmODIAY,222756001001,222756001001
006Pv00000DJr7hIAD,222756001001,222756001001
006Nz00000Byss8IAB,222756003001,222756003001
006Nz00000CCAUdIAP,222756006001,222756006001
006Nz00000Baea7IAB,222756007002,222756007002
006Pv00000EtUARIA3,222756007002,222756007002
006Nz00000BclyrIAB,222756008001,222756008001
006Pv00000EtUASIA3,222756008001,222756008001
006Nz00000CC5hrIAD,222756011001,222756011001
006Nz00000BZawjIAD,222756025002,222756025002
006Nz0000096hhpIAA,222758012002,222758012002
006Pv00000DAQ6hIAH,222758012002,222758012002
006Nz000008CStaIAG,222758019001,222758019001
006Pv00000D7tC9IAJ,222758019001,222758019001
006Nz000007t5hOIAQ,222758051001,222758051001
006Pv00000DaVFbIAN,222758051001,222758051001
006Nz0000081xavIAA,222758053002,222758053002
006Nz00000A5at9IAB,222758061001,222758061001
006Pv00000Df04iIAB,222758061001,222758061001
006Nz00000BP2WbIAL,222758065001,222758065001
006Nz000008n5bRIAQ,222758070002,222758070002
006Pv000009l685IAA,222758070002,222758070002
006Nz00000A1LUVIA3,222758074003,222758074003
006Nz000009tNoPIAU,222758079001,222758079001
006Pv00000DRHryIAH,222758079001,222758079001
006Nz000009mIByIAM,222758081001,222758081001
006Nz00000B2avbIAB,222758086001,222758086001
006Nz000008lJsFIAU,222758087001,222758087001
006Pv00000A6g5FIAR,222758087001,222758087001
006Nz00000ANYhfIAH,222758088001,222758088001
006Pv00000AMpVxIAL,222758088001,222758088001
006Nz000009r6DNIAY,222758091001,222758091001
006Nz00000CDEJCIA5,222758091001,222758091001
006Nz000009xtPxIAI,222758092002,222758092002
006Nz000009ZyQmIAK,222758094001,222758094001
006Nz00000Asv8PIAR,222758095001,222758095001
006Nz000009M2qnIAC,222758096001,222758096001
006Nz000007aanKIAQ,222758187002,222758187002
006Pv00000CbIjrIAF,222758187002,222758187002
006Nz00000Bpya5IAB,222758188001,222758188001
006Nz00000BGqdqIAD,222758217001,222758217001
006Pv00000EutmmIAB,222758217001,222758217001
006Nz00000BTjI1IAL,222758220001,222758220001
006Nz00000AmCYzIAN,222758221001,222758221001
006Pv00000Eg2DoIAJ,222758221001,222758221001
006Nz00000B2jnWIAR,222758222001,222758222001
006Nz00000BHQW2IAP,222758224001,222758224001
006Nz00000BDrGHIA1,222758225001,222758225001
006Nz00000AhuEBIAZ,222758227001,222758227001
006Pv00000EtUAQIA3,222758227001,222758227001
006Nz000009xoLRIAY,222758229002,222758229002
006Nz000007bLuIIAU,222758234001,222758234001
006Pv00000A4tzTIAR,222758234001,222758234001
006Nz00000AtKOdIAN,222758244001,222758244001
006Nz00000BJcEXIA1,222758246001,222758246001
006Nz000009oXGZIA2,222758247001,222758247001
006Pv00000Er3MOIAZ,222758247001,222758247001
006Nz00000ADnOXIA1,222758248001,222758248001
006Pv00000Er3MQIAZ,222758248001,222758248001
006Nz00000A8kb1IAB,222758252001,222758252001
006Pv00000DrBfPIAV,222758252001,222758252001
006Nz00000AqZvCIAV,222758255001,222758255001
006Nz00000B00t7IAB,222758258001,222758258001
006Nz000009MfP8IAK,222758274001,222758274001
006Pv00000Df04hIAB,222758274001,222758274001
006Nz000009EaHlIAK,222758289001,222758289001
006Pv00000DG9XlIAL,222758289001,222758289001
006Nz000008LRyIIAW,222758293001,222758293001
006Pv00000Czn8FIAR,222758293001,222758293001
006Nz000009DrZDIA0,222758304001,222758304001
006Nz00000C65hHIAR,222758319001,222758319001
006Nz000008avCrIAI,222758322002,222758322002
006Pv000009YToqIAG,222758322002,222758322002
006Nz000009y48PIAQ,222758328001,222758328001
006Pv00000EeTuaIAF,222758328001,222758328001
006Nz00000AJ7pfIAD,222758336003,222758336003
006Nz00000CVKTNIA5,222760003002,222760003002
006Nz00000CsHplIAF,222760004002,222760004002
006Nz00000BERBhIAP,222788006001,222788006001
006Nz00000CCOpGIAX,222788039001,222788039001
006Nz00000Ai2rfIAB,222788040001,222788040001
006Nz000009yqY1IAI,222788042001,222788042001
006Nz00000Boca2IAB,222788044002,222788044002
006Nz00000AGSPDIA5,222788045001,222788045001
006Nz00000AsXNqIAN,222788048001,222788048001
006Nz00000AOXQ5IAP,222788049001,222788049001
006Nz00000A8d6WIAR,222788051001,222788051001
006Nz00000CGF4EIAX,222788066001,222788066001
006Nz00000AFtxiIAD,222788067001,222788067001
006Nz00000AKwmuIAD,222788085001,222788085001
006Nz00000AIpxfIAD,222788086001,222788086001
006Nz00000AVXzdIAH,222788089001,222788089001
006Nz00000AImDKIA1,222788093001,222788093001
006Nz00000AqetIIAR,222788098001,222788098001
006Nz00000C98YvIAJ,222788129001,222788129001
006Nz00000BEGUnIAP,222788146001,222788146001
006Nz00000CF0vKIAT,222788154001,222788154001
006Nz00000BsTWXIA3,222788173001,222788173001
006Nz00000CA8WuIAL,222788174001,222788174001
006Nz00000BoqBZIAZ,222788178001,222788178001
006Nz00000A3GqcIAF,222788185001,222788185001
006Nz00000Azf5LIAR,222788217001,222788217001
006Nz00000AxnQOIAZ,222788221001,222788221001
006Nz00000B2rYEIAZ,222788222001,222788222001
006Nz00000AD5LtIAL,222788223001,222788223001
006Nz00000BKCOUIA5,222788229001,222788229001
006Nz00000AG9UcIAL,222792007001,222792007001
006Nz00000BEf3OIAT,222792008002,222792008002
006Pv00000Eok7nIAB,222792008002,222792008002
006Nz00000Asfq3IAB,222792011001,222792011001
006Nz00000BKR7NIAX,222792015001,222792015001
006Nz00000AbGODIA3,222792017001,222792017001
006Pv00000ElwmvIAB,222792017001,222792017001
006Nz00000B2NOoIAN,222792022001,222792022001
006Nz00000CCvuwIAD,222792024001,222792024001
006Nz00000Ab9t2IAB,222792029001,222792029001
006Pv00000EkSHUIA3,222792029001,222792029001
006Nz00000AbPHpIAN,222792030001,222792030001
006Nz00000AbPbDIAV,222792041001,222792041001
006Nz00000AbSR0IAN,222792042001,222792042001
006Nz00000B3CXmIAN,222792051001,222792051001
006Nz00000B6D2fIAF,222792053002,222792053002
006Nz00000B88znIAB,222792055001,222792055001
006Nz00000AEYQfIAP,222792056001,222792056001
006Nz00000AV71CIAT,222792057001,222792057001
006Nz00000BGnHlIAL,222792058001,222792058001
006Nz00000AbKBhIAN,222792065001,222792065001
006Pv00000EkSHWIA3,222792065001,222792065001
006Nz00000AbAQxIAN,222792077001,222792077001
006Pv00000EkSHVIA3,222792077001,222792077001
006Nz00000ADUYnIAP,222792098001,222792098001
006Pv00000EbbtWIAR,222792098001,222792098001
006Nz00000AnuUjIAJ,222792102001,222792102001
006Nz00000BtBsXIAV,222792103001,222792103001
006Nz00000BHbL0IAL,222792104001,222792104001
006Nz00000Bz2ZhIAJ,222792105001,222792105001
006Nz00000AMEMkIAP,222792146001,222792146001
006Nz00000AbUnlIAF,222792173001,222792173001
006Nz00000C66dJIAR,222792193001,222792193001
006Nz00000B2Qg1IAF,222792199001,222792199001
006Nz00000CP9NlIAL,222792201001,222792201001
006Nz00000BzklyIAB,222792202001,222792202001
006Nz00000AWQb9IAH,222792246001,222792246001
006Nz00000B5266IAB,222792297001,222792297001
006Pv00000EutmiIAB,222792297001,222792297001
006Nz00000B0H5lIAF,222794007001,222794007001
006Nz00000CZDujIAH,222794026001,222794026001
006Nz00000AWGAMIA5,222794027001,222794027001
006Pv00000EbbtYIAR,222794027001,222794027001
006Nz00000BzwDdIAJ,222794028001,222794028001
006Nz00000AjGFnIAN,222794029001,222794029001
006Nz00000CRE6TIAX,222794039001,222794039001
006Nz00000BdLawIAF,222799012001,222799012001
006Nz00000BpEgyIAF,222799049001,222799049001
006Nz00000BoalAIAR,222799075003,222799075003
006Nz00000BdErDIAV,222799089003,222799089003
006Nz000007nXi2IAE,317373016005,317373016005
006Nz000008nlh7IAA,317373029006,317373029006
006Pv00000DxxUUIAZ,317373029006,317373029006
006Nz00000BKFMLIA5,317467002002,317467002002
006Nz000009bwF7IAI,317468004008,317468004008
006Nz0000098u1bIAA,317475001003,317475001003
006Nz000008QsplIAC,317476001003,317476001003
006Pv00000Czn8GIAR,317476001003,317476001003
006Nz000007t1HEIAY,317480001003,317480001003
006Pv00000Cz8ZmIAJ,317480001003,317480001003
006Nz000008yBiLIAU,317480003006,317480003006
006Pv00000DKgZzIAL,317480003006,317480003006
006Nz00000AWDHKIA5,317565004006,317565004006
006Nz00000ASUgZIAX,317582003003,317582003003
006Nz000009o7M6IAI,317585026002,317585026002
006Nz00000AzTQlIAN,317585031007,317585031007
006Nz000009onrZIAQ,317585032004,317585032004
006Pv00000DqIW1IAN,317585032004,317585032004
006Nz000008xwTDIAY,317585041009,317585041009
006Pv00000DEV9PIAX,317585041009,317585041009
006Nz00000C075qIAB,317630009010,317630009010
006Nz000008FK5HIAW,317630011005,317630011005
006Pv00000CgwX8IAJ,317630011005,317630011005
006Nz000009U4AlIAK,317636003002,317636003002
006Pv00000DEV9RIAX,317636003002,317636003002
006Nz000009VbCcIAK,317667006015,317667006015
006Nz00000BcVnfIAF,317667015006,317667015006
006Nz00000AaO9MIAV,317674004008,317674004008
006Nz00000BUjNzIAL,317674008008,317674008008
006Nz00000857U5IAI,317675003014,317675003014
006Nz00000AijlFIAR,317676015002,317676015002
006Pv00000Eg2DnIAJ,317676015002,317676015002
006Nz0000089RyrIAE,317676018002,317676018002
006Nz000008A4ozIAC,317678004010,317678004010
006Pv00000CgwX5IAJ,317678004010,317678004010
006Nz00000C91xJIAR,317680007012,317680007012
006Nz00000BEnKHIA1,418538007006,418538007006
006Pv00000EiBHUIA3,418538007006,418538007006
006Nz00000AiYEkIAN,418538023006,418538023006
006Nz00000B6H34IAF,418538043005,418538043005
006Nz000008Hj5oIAC,418538044011,418538044011
006Pv00000Crz85IAB,418538044011,418538044011
006Nz00000CNudoIAD,418550002007,418550002007
006Nz000009PyJxIAK,418550005004,418550005004
006Pv00000DRHrxIAH,418550005004,418550005004
006Nz00000B8S5dIAF,418578044007,418578044007
006Nz00000AzekPIAR,418645072004,418645072004
006Nz00000Apqd8IAB,418645076006,418645076006
006Nz00000ALuz7IAD,900002015004,900002015004
006Nz000001MLy5IAG,222624007004,222624007004
006Pv000009AMmwIAG,222624007004,222624007004
006Nz00000BPkqvIAD,222630194003,222630194003
006Nz00000AijABIAZ,222630206007,222630206007
0068d000002catdAAA,222649067001,222649067001
006Nz00000AWLOYIA5,222649067001,222649067001
006Nz00000BV4HIIA1,222649067001,222649067001
006Nz00000AlmgAIAR,222683076003,222683076003
006Nz00000CoQlBIAV,222685049003,222685049003