id,_unit__c,next_rent_review_date__c
800Pv00000FtF2iIAF,a1G4J0000025tUUUAY,20 04 2027
800Pv00000FtF2sIAF,a1G4J0000025tVMUAY,12 10 2026
800Pv00000Fv46LIAR,a1G4J0000025tVMUAY,12 10 2026
800Pv00000FzkjGIAR,a1G4J0000025x6dUAA,06 02 2026
800Pv00000Fzl9vIAB,a1G4J0000025zXLUAY,18 08 2025
800Pv00000Fzn3DIAR,a1G4J0000025tw7UAA,13 06 2027
800Pv00000FzotvIAB,a1G4J0000025ukhUAA,16 09 2026
800Pv00000FzotyIAB,a1G4J0000025umTUAQ,28 10 2025
800Pv00000FzpGYIAZ,a1G4J0000025xd8UAA,20 12 2025
800Pv00000FzpGaIAJ,a1G4J0000025xg9UAA,18 03 2026
800Pv00000FzpGbIAJ,a1G4J0000025xgTUAQ,30 05 2027
800Pv00000FzpeFIAR,a1G4J00000262rmUAA,25 04 2026
800Pv00000FzpeKIAR,a1G4J0000025talUAA,05 02 2026
800Pv00000FztTrIAJ,a1G4J0000025xUzUAI,31 10 2026
800Pv00000FztWoIAJ,a1G4J0000025ubgUAA,05 02 2026
800Pv00000FztYWIAZ,a1G4J0000025uiJUAQ,04 10 2025
800Pv00000FztbiIAB,a1G4J0000025v0CUAQ,26 03 2026
800Pv00000Fzti7IAB,a1G4J0000025wsyUAA,29 10 2025
800Pv00000FztyGIAR,a1G4J0000025zcUUAQ,18 08 2025
800Pv00000G3rTSIAZ,a1G4J0000025xSiUAI,17 06 2026
800Pv00000G3rTkIAJ,a1G4J0000025xVmUAI,02 02 2026
800Pv00000G3rTqIAJ,a1G4J0000025xWKUAY,07 05 2027
800Pv00000G3rTzIAJ,a1G4J0000025xXQUAY,30 07 2026
800Pv00000G4jVeIAJ,a1G4J0000025wZkUAI,22 10 2026
800Pv00000G4mR4IAJ,a1G4J0000025xvVUAQ,03 12 2026
800Pv00000G4n7lIAB,a1G4J0000025uUCUAY,04 03 2026
800Pv00000G4n7mIAB,a1G4J0000025uUIUAY,12 02 2027
800Pv00000G4n7nIAB,a1G4J0000025uUXUAY,15 04 2027
800Pv00000G4n7uIAB,a1G4J0000025uYIUAY,06 05 2026
800Pv00000G4n7wIAB,a1G4J0000025uYsUAI,19 02 2027
800Pv00000G4n7yIAB,a1G4J0000025uaOUAQ,17 01 2027
800Pv00000G4n81IAB,a1G4J0000025ubXUAQ,03 05 2027
800Pv00000G4n82IAB,a1G4J0000025ubnUAA,13 12 2026
800Pv00000G4n84IAB,a1G4J0000025uc8UAA,04 03 2027
800Pv00000G4n85IAB,a1G4J0000025ucFUAQ,18 08 2026
800Pv00000G4n87IAB,a1G4J0000025udRUAQ,31 01 2026
800Pv00000G4n88IAB,a1G4J0000025udbUAA,10 05 2026
800Pv00000G4n89IAB,a1G4J0000025udvUAA,27 10 2025
800Pv00000G4n8AIAR,a1G4J0000025ue5UAA,03 09 2026
800Pv00000G4n8BIAR,a1G4J0000025ueFUAQ,22 07 2026
800Pv00000G4n8EIAR,a1G4J0000025uePUAQ,11 04 2026
800Pv00000G4n8FIAR,a1G4J0000025ueUUAQ,22 11 2025
800Pv00000G4n8IIAR,a1G4J0000025ufDUAQ,02 04 2027
800Pv00000G4n8LIAR,a1G4J0000025ugqUAA,27 05 2027
800Pv00000G4n8MIAR,a1G4J0000025uh1UAA,06 05 2027
800Pv00000G4n8QIAR,a1G4J0000025ui2UAA,07 08 2026
800Pv00000G4n8YIAR,a1G4J0000025ujQUAQ,15 09 2025
800Pv00000G4nKNIAZ,a1G4J0000025x1hUAA,20 01 2026
800Pv00000G4nKyIAJ,a1G4J0000025x9uUAA,18 06 2026
800Pv00000G4nKzIAJ,a1G4J0000025xApUAI,07 11 2025
800Pv00000G4nL1IAJ,a1G4J0000025xBGUAY,12 05 2027
800Pv00000G4nL3IAJ,a1G4J0000025xBXUAY,04 06 2026
800Pv00000G4vl5IAB,a1G4J0000025wolUAA,26 07 2025
800Pv00000G4vl8IAB,a1G4J0000025wpUUAQ,15 01 2026
800Pv00000G4vlBIAR,a1G4J0000025wpmUAA,01 08 2025
800Pv00000G4vlCIAR,a1G4J0000025wqhUAA,27 03 2027
800Pv00000G4vlVIAR,a1G4J0000025wypUAA,21 10 2026
800Pv00000G4vupIAB,a1G4J0000025tUJUAY,03 09 2026
800Pv00000G4vuqIAB,a1G4J0000025tUfUAI,25 07 2025
800Pv00000G4vurIAB,a1G4J0000025tVdUAI,12 11 2026
800Pv00000G4vusIAB,a1G4J0000025tVuUAI,13 06 2027
800Pv00000G4vuuIAB,a1G4J0000025tXZUAY,23 08 2026
800Pv00000G4vuvIAB,a1G4J0000025tXfUAI,12 04 2026
800Pv00000G4vuwIAB,a1G4J0000025tXtUAI,03 12 2025
800Pv00000G4vuyIAB,a1G4J0000025tZOUAY,06 04 2026
800Pv00000G4vuzIAB,a1G4J0000025tZTUAY,09 03 2027
800Pv00000G4vv2IAB,a1G4J0000025ta3UAA,25 02 2027
800Pv00000G4vv3IAB,a1G4J0000025taMUAQ,16 11 2025
800Pv00000G4vv4IAB,a1G4J0000025taWUAQ,06 01 2026
800Pv00000G4vv5IAB,a1G4J0000025tacUAA,27 07 2026
800Pv00000G4vv6IAB,a1G4J0000025tbRUAQ,13 06 2027
800Pv00000G4vv7IAB,a1G4J0000025tbuUAA,27 08 2026
800Pv00000G4vvAIAR,a1G4J0000025tdFUAQ,25 08 2026
800Pv00000G4vvBIAR,a1G4J0000025tdXUAQ,16 01 2027
800Pv00000G4vvCIAR,a1G4J0000025tdpUAA,27 02 2027
800Pv00000G4vvFIAR,a1G4J0000025teGUAQ,22 01 2027
800Pv00000G4vvJIAR,a1G4J0000025tfDUAQ,06 03 2027
800Pv00000G4wlrIAB,a1G4J0000025ydwUAA,20 11 2026
800Pv00000G4x6xIAB,a1G4J0000025vrRUAQ,28 08 2026
800Pv00000G4xDaIAJ,a1G4J0000025yO3UAI,11 03 2027
800Pv00000G4xDsIAJ,a1G4J0000025yRqUAI,28 06 2026
800Pv00000G50KlIAJ,a1G4J0000025taYUAQ,29 03 2027
800Pv00000G517CIAR,a1G4J0000025z9sUAA,27 04 2027
800Pv00000G517GIAR,a1G4J0000025zAZUAY,24 04 2026
800Pv00000G517dIAB,a1G4J0000025zEAUAY,08 04 2027
800Pv00000G517nIAB,a1G4J0000025zFtUAI,09 04 2027
800Pv00000G517pIAB,a1G4J0000025zGvUAI,17 02 2027
800Pv00000G517vIAB,a1G4J0000025zHbUAI,27 04 2027
800Pv00000G517yIAB,a1G4J0000025zHvUAI,11 05 2027
800Pv00000G517zIAB,a1G4J0000025zJ3UAI,28 04 2026
800Pv00000G5182IAB,a1G4J0000025zJeUAI,09 04 2027
800Pv00000G5185IAB,a1G4J0000025zJwUAI,08 04 2027
800Pv00000G5187IAB,a1G4J0000025zKCUAY,03 09 2026
800Pv00000G5188IAB,a1G4J0000025zL7UAI,18 07 2025
800Pv00000G518GIAR,a1G4J0000025zNUUAY,31 08 2025
800Pv00000G518LIAR,a1G4J0000025zOdUAI,06 07 2026
800Pv00000G51vAIAR,a1G4J00000260bOUAQ,14 04 2026
800Pv00000G52lUIAR,a1G4J0000025yjTUAQ,23 04 2026
800Pv00000G5361IAB,a1G4J0000025uzXUAQ,15 01 2026
800Pv00000G5365IAB,a1G4J0000025v1OUAQ,19 04 2027
800Pv00000G536UIAR,a1G4J0000025vBCUAY,28 07 2026
800Pv00000G536kIAB,a1G4J0000025vFyUAI,17 12 2025
800Pv00000G536sIAB,a1G4J0000025vLDUAY,28 11 2026
800Pv00000G5374IAB,a1G4J0000025vPMUAY,13 02 2026
800Pv00000G537AIAR,a1G4J0000025vRLUAY,22 10 2026
800Pv00000G537HIAR,a1G4J0000025vUrUAI,01 11 2025
800Pv00000G54fiIAB,a1G4J0000025vtCUAQ,17 08 2026
800Pv00000G54flIAB,a1G4J0000025wUlUAI,20 04 2026
800Pv00000G54fwIAB,a1G4J0000025x2LUAQ,19 12 2025
800Pv00000G55CbIAJ,a1G4J0000025tfmUAA,01 10 2025
800Pv00000G55CdIAJ,a1G4J0000025tghUAA,20 08 2026
800Pv00000G55CfIAJ,a1G4J0000025thkUAA,15 09 2026
800Pv00000G55CgIAJ,a1G4J0000025ti8UAA,01 02 2027
800Pv00000G55ChIAJ,a1G4J0000025tikUAA,21 04 2026
800Pv00000G55CkIAJ,a1G4J0000025tjuUAA,15 10 2026
800Pv00000G55ClIAJ,a1G4J0000025tkbUAA,23 11 2025
800Pv00000G55CmIAJ,a1G4J0000025tksUAA,08 03 2026
800Pv00000G55CpIAJ,a1G4J0000025tleUAA,08 05 2026
800Pv00000G55CqIAJ,a1G4J0000025tmDUAQ,01 06 2026
800Pv00000G55CrIAJ,a1G4J0000025tmSUAQ,09 11 2026
800Pv00000G55CsIAJ,a1G4J0000025tmXUAQ,10 06 2026
800Pv00000G55CtIAJ,a1G4J0000025tmrUAA,21 01 2027
800Pv00000G55CuIAJ,a1G4J0000025tn6UAA,12 01 2026
800Pv00000G55CvIAJ,a1G4J0000025tn8UAA,06 02 2027
800Pv00000G55CwIAJ,a1G4J0000025tnEUAQ,04 06 2026
800Pv00000G55CxIAJ,a1G4J0000025tnYUAQ,02 05 2027
800Pv00000G55CyIAJ,a1G4J0000025tnkUAA,07 02 2026
800Pv00000G55CzIAJ,a1G4J0000025toUUAQ,16 10 2025
800Pv00000G55D0IAJ,a1G4J0000025tonUAA,27 10 2025
800Pv00000G55D1IAJ,a1G4J0000025toxUAA,04 12 2025
800Pv00000G55D2IAJ,a1G4J0000025tpHUAQ,03 06 2026
800Pv00000G55D3IAJ,a1G4J0000025tpdUAA,13 02 2027
800Pv00000G55D5IAJ,a1G4J0000025tqUUAQ,17 09 2025
800Pv00000G55D6IAJ,a1G4J0000025tqoUAA,22 06 2026
800Pv00000G55D8IAJ,a1G4J0000025trWUAQ,11 04 2027
800Pv00000G55D9IAJ,a1G4J0000025trtUAA,15 03 2027
800Pv00000G55DCIAZ,a1G4J0000025tsQUAQ,22 10 2026
800Pv00000G55DDIAZ,a1G4J0000025ttOUAQ,30 01 2026
800Pv00000G55DEIAZ,a1G4J0000025tttUAA,03 04 2026
800Pv00000G55DGIAZ,a1G4J0000025twgUAA,31 01 2027
800Pv00000G55DIIAZ,a1G4J0000025txwUAA,05 12 2026
800Pv00000G55DJIAZ,a1G4J0000025tz9UAA,12 01 2026
800Pv00000G55DKIAZ,a1G4J0000025u02UAA,02 09 2025
800Pv00000G55DLIAZ,a1G4J0000025u08UAA,16 01 2026
800Pv00000G55DMIAZ,a1G4J0000025u1XUAQ,22 08 2026
800Pv00000G55DNIAZ,a1G4J0000025u1fUAA,25 06 2026
800Pv00000G55DOIAZ,a1G4J0000025u2MUAQ,22 07 2027
800Pv00000G55eQIAR,a1G4J0000025y7fUAA,05 03 2026
800Pv00000G55eTIAR,a1G4J0000025y8MUAQ,27 04 2027
800Pv00000G55qcIAB,a1G4J0000025ycgUAA,10 05 2027
800Pv00000G563hIAB,a1G4J0000025yG0UAI,13 01 2026
800Pv00000G563lIAB,a1G4J0000025yGZUAY,20 05 2027
800Pv00000G564EIAR,a1G4J0000025yKlUAI,23 04 2026
800Pv00000G56dlIAB,a1G4J0000025yHbUAI,27 08 2026
800Pv00000G56eFIAR,a1G4J0000025yiCUAQ,17 10 2026
800Pv00000G56eWIAR,a1G4J0000025z7IUAQ,08 04 2027
800Pv00000G56eYIAR,a1G4J0000025z7SUAQ,19 04 2027
800Pv00000G56ehIAB,a1G4J0000025zGhUAI,08 04 2027
800Pv00000G56erIAB,a1G4J0000025zXMUAY,15 10 2026
800Pv00000G56ewIAB,a1G4J0000025ziMUAQ,02 07 2027
800Pv00000G56fUIAR,a1G4J00000262tYUAQ,23 03 2027
800Pv00000G56y9IAB,a1G4J0000025xGsUAI,17 06 2026
800Pv00000G56yEIAR,a1G4J0000025xIBUAY,16 08 2025
800Pv00000G56yJIAR,a1G4J0000025xIoUAI,30 07 2026
800Pv00000G56yOIAR,a1G4J0000025xJmUAI,12 11 2025
800Pv00000G56yaIAB,a1G4J0000025xNMUAY,01 11 2026
800Pv00000G56yjIAB,a1G4J0000025xQKUAY,10 09 2025
800Pv00000G56zjIAB,a1G4J0000025vXVUAY,26 04 2027
800Pv00000G56znIAB,a1G4J0000025vb9UAA,03 09 2025
800Pv00000G56zqIAB,a1G4J0000025vcVUAQ,07 03 2026
800Pv00000G56ztIAB,a1G4J0000025vdpUAA,22 05 2027
800Pv00000G56zuIAB,a1G4J0000025vduUAA,31 10 2025
800Pv00000G56zwIAB,a1G4J0000025veQUAQ,12 01 2026
800Pv00000G56zxIAB,a1G4J0000025vepUAA,15 04 2027
800Pv00000G56zyIAB,a1G4J0000025veuUAA,31 03 2027
800Pv00000G56zzIAB,a1G4J0000025vfMUAQ,26 04 2027
800Pv00000G5700IAB,a1G4J0000025vfaUAA,18 09 2025
800Pv00000G5701IAB,a1G4J0000025vfkUAA,08 02 2027
800Pv00000G5702IAB,a1G4J0000025vgTUAQ,22 10 2025
800Pv00000G5703IAB,a1G4J0000025vhYUAQ,24 07 2027
800Pv00000G5705IAB,a1G4J0000025vibUAA,30 01 2027
800Pv00000G5706IAB,a1G4J0000025vkLUAQ,13 12 2026
800Pv00000G5708IAB,a1G4J0000025vlyUAA,28 09 2026
800Pv00000G570AIAR,a1G4J0000025vnyUAA,22 11 2026
800Pv00000G570BIAR,a1G4J0000025voDUAQ,28 09 2025
800Pv00000G570CIAR,a1G4J0000025vpFUAQ,13 12 2026
800Pv00000G570DIAR,a1G4J0000025vpyUAA,19 02 2026
800Pv00000G570IIAR,a1G4J0000025vsYUAQ,03 11 2026
800Pv00000G570LIAR,a1G4J0000025vzAUAQ,21 12 2026
800Pv00000G570MIAR,a1G4J0000025vzCUAQ,12 06 2027
800Pv00000G570NIAR,a1G4J0000025vzgUAA,28 10 2026
800Pv00000G570OIAR,a1G4J0000025w0NUAQ,23 09 2026
800Pv00000G570QIAR,a1G4J0000025w1VUAQ,03 02 2026
800Pv00000G570RIAR,a1G4J0000025w1jUAA,09 01 2027
800Pv00000G570SIAR,a1G4J0000025w2wUAA,09 06 2027
800Pv00000G570TIAR,a1G4J0000025w3KUAQ,22 11 2026
800Pv00000G570UIAR,a1G4J0000025w3eUAA,29 11 2025
800Pv00000G570VIAR,a1G4J0000025w3gUAA,02 12 2025
800Pv00000G570WIAR,a1G4J0000025w6PUAQ,24 05 2027
800Pv00000G570YIAR,a1G4J0000025w6kUAA,03 02 2027
800Pv00000G570ZIAR,a1G4J0000025w6mUAA,07 06 2027
800Pv00000G570aIAB,a1G4J0000025w6yUAA,20 10 2025
800Pv00000G570bIAB,a1G4J0000025w7LUAQ,17 02 2027
800Pv00000G570cIAB,a1G4J0000025w7sUAA,21 01 2027
800Pv00000G570eIAB,a1G4J0000025w9jUAA,18 12 2026
800Pv00000G570gIAB,a1G4J0000025wBdUAI,10 09 2026
800Pv00000G570hIAB,a1G4J0000025wDCUAY,20 08 2026
800Pv00000G570iIAB,a1G4J0000025wGZUAY,20 06 2026
800Pv00000G570jIAB,a1G4J0000025wGpUAI,22 02 2026
800Pv00000G570kIAB,a1G4J0000025wIWUAY,24 05 2027
800Pv00000G570mIAB,a1G4J0000025wJXUAY,31 07 2025
800Pv00000G570nIAB,a1G4J0000025wKlUAI,10 06 2026
800Pv00000G570pIAB,a1G4J0000025wM3UAI,11 01 2026
800Pv00000G570qIAB,a1G4J0000025wMRUAY,16 12 2025
800Pv00000G570rIAB,a1G4J0000025wPzUAI,13 12 2025
800Pv00000G570tIAB,a1G4J0000025wQIUAY,10 05 2026
800Pv00000G570uIAB,a1G4J0000025wRhUAI,12 04 2026
800Pv00000G570vIAB,a1G4J0000025wSCUAY,07 03 2026
800Pv00000G570wIAB,a1G4J0000025wSfUAI,24 04 2026
800Pv00000G570xIAB,a1G4J0000025wSkUAI,07 10 2026
800Pv00000G570yIAB,a1G4J0000025wTnUAI,12 12 2026
800Pv00000G570zIAB,a1G4J0000025wTsUAI,21 07 2025
800Pv00000G571AIAR,a1G4J0000025wd1UAA,05 12 2025
800Pv00000G571EIAR,a1G4J0000025wfEUAQ,08 10 2026
800Pv00000G571GIAR,a1G4J0000025wgZUAQ,25 10 2026
800Pv00000G571IIAR,a1G4J0000025wi1UAA,21 08 2025
800Pv00000G571JIAR,a1G4J0000025wiyUAA,24 09 2025
800Pv00000G57i8IAB,a1G4J0000025yiHUAQ,23 12 2025
800Pv00000G57m1IAB,a1G4J0000025u2bUAA,06 12 2025
800Pv00000G57m2IAB,a1G4J0000025u2uUAA,25 05 2027
800Pv00000G57m3IAB,a1G4J0000025u3JUAQ,05 09 2025
800Pv00000G57m4IAB,a1G4J0000025u3YUAQ,17 08 2025
800Pv00000G57m6IAB,a1G4J0000025u61UAA,16 11 2026
800Pv00000G57mBIAR,a1G4J0000025u7GUAQ,20 08 2025
800Pv00000G57mEIAR,a1G4J0000025u7rUAA,01 02 2026
800Pv00000G57mGIAR,a1G4J0000025uACUAY,26 11 2026
800Pv00000G57mHIAR,a1G4J0000025uAKUAY,18 09 2025
800Pv00000G57mIIAR,a1G4J0000025uAQUAY,07 02 2027
800Pv00000G57mKIAR,a1G4J0000025uB1UAI,31 05 2027
800Pv00000G57mLIAR,a1G4J0000025uB4UAI,10 04 2027
800Pv00000G57mMIAR,a1G4J0000025uBIUAY,12 11 2026
800Pv00000G57mNIAR,a1G4J0000025uD2UAI,22 01 2026
800Pv00000G57mOIAR,a1G4J0000025uEWUAY,21 01 2027
800Pv00000G57mUIAR,a1G4J0000025uKBUAY,11 09 2025
800Pv00000G57mWIAR,a1G4J0000025uL9UAI,16 06 2027
800Pv00000G57mXIAR,a1G4J0000025uLHUAY,26 11 2025
800Pv00000G57mYIAR,a1G4J0000025uMHUAY,29 04 2027
800Pv00000G57mZIAR,a1G4J0000025uMTUAY,06 05 2027
800Pv00000G57maIAB,a1G4J0000025uMWUAY,18 09 2025
800Pv00000G57mbIAB,a1G4J0000025uMkUAI,21 06 2027
800Pv00000G57mfIAB,a1G4J0000025uO2UAI,11 01 2027
800Pv00000G57mgIAB,a1G4J0000025uOWUAY,08 01 2026
800Pv00000G57mjIAB,a1G4J0000025uSxUAI,19 03 2026
800Pv00000G57mmIAB,a1G4J0000025uU7UAI,13 08 2026
800Pv00000G57mnIAB,a1G4J0000025uU8UAI,11 04 2026
800Pv00000G57moIAB,a1G4J0000025uUAUAY,09 03 2027
800Pv00000G57nkIAB,a1G4J0000025ulhUAA,27 02 2027
800Pv00000G57noIAB,a1G4J0000025umwUAA,27 03 2026
800Pv00000G57nzIAB,a1G4J0000025upjUAA,11 03 2027
800Pv00000G57oAIAR,a1G4J0000025wjlUAA,18 02 2026
800Pv00000G57oHIAR,a1G4J0000025wlnUAA,11 07 2026
800Pv00000G57oNIAR,a1G4J0000025wndUAA,20 02 2026
800Pv00000G57oOIAR,a1G4J0000025woEUAQ,30 04 2027
800Pv00000G57pHIAR,a1G4J0000025xaKUAQ,05 03 2027
800Pv00000G57pUIAR,a1G4J0000025xdGUAQ,15 05 2026
800Pv00000G57peIAB,a1G4J0000025xfpUAA,09 02 2026
800Pv00000G57pfIAB,a1G4J0000025xfsUAA,08 04 2027
800Pv00000G57piIAB,a1G4J0000025xgSUAQ,16 05 2027
800Pv00000G57pjIAB,a1G4J0000025xgiUAA,21 07 2026
800Pv00000G57pmIAB,a1G4J0000025xh2UAA,09 02 2026
800Pv00000G57ptIAB,a1G4J0000025xiAUAQ,08 05 2026
800Pv00000G57wEIAR,a1G4J0000025y2dUAA,15 04 2027
800Pv00000G580kIAB,a1G4J0000025yupUAA,22 04 2027
800Pv00000G580tIAB,a1G4J0000025yxgUAA,19 04 2027
800Pv00000G580uIAB,a1G4J0000025yxiUAA,27 04 2026
800Pv00000G5812IAB,a1G4J0000025yzIUAQ,25 06 2026
800Pv00000G5815IAB,a1G4J0000025yzYUAQ,04 09 2025
800Pv00000G581JIAR,a1G4J0000025z2mUAA,29 04 2026
800Pv00000G581QIAR,a1G4J0000025z3xUAA,01 08 2025
800Pv00000G581RIAR,a1G4J0000025z46UAA,26 02 2026
800Pv00000G583pIAB,a1G4J00000262MjUAI,20 01 2027
800Pv00000G584HIAR,a1G4J00000262qKUAQ,29 04 2026
800Pv00000G58FBIAZ,a1G4J0000025ym8UAA,30 04 2026
800Pv00000G58FCIAZ,a1G4J0000025ymCUAQ,16 11 2026
800Pv00000G8WMVIA3,a1G4J0000025tUJUAY,03 09 2026
800Pv00000G8eEBIAZ,a1G4J0000025tUYUAY,08 10 2026
800Pv00000GEkNUIA1,a1G4J0000025wuYUAQ,04 08 2025
800Pv00000GEkNfIAL,a1G4J0000025wvSUAQ,13 12 2025
800Pv00000GEkNgIAL,a1G4J0000025wvXUAQ,08 01 2026
800Pv00000GEnDaIAL,a1G4J0000025wZtUAI,04 02 2026
800Pv00000GEnDeIAL,a1G4J0000025waQUAQ,11 09 2025
800Pv00000GEnDzIAL,a1G4J0000025wblUAA,03 05 2027
800Pv00000GEoK5IAL,a1G4J0000025tq5UAA,31 07 2027
800Pv00000GEoKGIA1,a1G4J0000025tqQUAQ,20 01 2026
800Pv00000GEoL5IAL,a1G4J0000025tsfUAA,30 09 2026
800Pv00000GEoL9IAL,a1G4J0000025tsvUAA,11 11 2026
800Pv00000GEoLEIA1,a1G4J0000025ttEUAQ,02 04 2027
800Pv00000GEoLHIA1,a1G4J0000025ttKUAQ,30 04 2026
800Pv00000GEoLSIA1,a1G4J0000025ttwUAA,20 10 2025
800Pv00000GEodWIAT,a1G4J0000025tSyUAI,26 02 2026
800Pv00000GEodYIAT,a1G4J0000025tY8UAI,20 11 2026
800Pv00000GEodfIAD,a1G4J0000025tTuUAI,15 07 2026
800Pv00000GEodhIAD,a1G4J0000025tTyUAI,23 11 2025
800Pv00000GEodiIAD,a1G4J0000025tTzUAI,24 07 2027
800Pv00000GEodmIAD,a1G4J0000025tU9UAI,21 09 2026
800Pv00000GEodpIAD,a1G4J0000025tUWUAY,12 12 2025
800Pv00000GEodvIAD,a1G4J0000025tUxUAI,07 01 2026
800Pv00000GEodwIAD,a1G4J0000025tV2UAI,09 11 2026
800Pv00000GEodyIAD,a1G4J0000025tV9UAI,01 10 2026
800Pv00000GEoeEIAT,a1G4J0000025tVwUAI,06 10 2025
800Pv00000GEoePIAT,a1G4J0000025tWRUAY,03 12 2026
800Pv00000GEoeSIAT,a1G4J0000025tWeUAI,17 11 2026
800Pv00000GEoeVIAT,a1G4J0000025tWpUAI,14 08 2026
800Pv00000GEoecIAD,a1G4J0000025tXEUAY,13 03 2027
800Pv00000GEoejIAD,a1G4J0000025tXXUAY,05 11 2025
800Pv00000GEp3PIAT,a1G4J0000025uFsUAI,10 04 2027
800Pv00000GEp3WIAT,a1G4J0000025uGEUAY,02 06 2027
800Pv00000GEp3iIAD,a1G4J0000025uH2UAI,28 03 2027
800Pv00000GEp41IAD,a1G4J0000025uIMUAY,29 10 2026
800Pv00000GEp4RIAT,a1G4J0000025uJfUAI,17 03 2026
800Pv00000GEp4WIAT,a1G4J0000025uJuUAI,01 05 2026
800Pv00000GEp4XIAT,a1G4J0000025uJwUAI,05 02 2027
800Pv00000GEp4cIAD,a1G4J0000025uKUUAY,18 03 2027
800Pv00000GEqcXIAT,a1G4J0000025u92UAA,03 05 2026
800Pv00000GEqdPIAT,a1G4J0000025uBrUAI,20 12 2026
800Pv00000GEqxfIAD,a1G4J0000025xEbUAI,08 01 2026
800Pv00000GEqyMIAT,a1G4J0000025xG7UAI,12 03 2027
800Pv00000GEriLIAT,a1G4J0000025v38UAA,29 09 2026
800Pv00000GEriRIAT,a1G4J0000025v3KUAQ,20 01 2027
800Pv00000GEsoFIAT,a1G4J0000025xaiUAA,07 04 2027
800Pv00000GEsotIAD,a1G4J0000025xcdUAA,31 10 2026
800Pv00000GEtEDIA1,a1G4J0000025x2BUAQ,02 04 2027
800Pv00000GEtEZIA1,a1G4J0000025x3DUAQ,06 01 2026
800Pv00000GEtwlIAD,a1G4J0000025wCQUAY,17 04 2026
800Pv00000GEtwtIAD,a1G4J0000025wCxUAI,04 02 2027
800Pv00000GEtxgIAD,a1G4J0000025wGjUAI,07 06 2027
800Pv00000GEtxqIAD,a1G4J0000025wHPUAY,19 09 2025
800Pv00000GEuBsIAL,a1G4J0000025yPFUAY,19 04 2027
800Pv00000GEuBtIAL,a1G4J0000025yPGUAY,13 10 2026
800Pv00000GEuBvIAL,a1G4J0000025yPIUAY,08 04 2026
800Pv00000GEuJ7IAL,a1G4J0000025ylBUAQ,18 05 2027
800Pv00000GEuJqIAL,a1G4J0000025ynXUAQ,08 01 2026
800Pv00000GEuJsIAL,a1G4J0000025ynZUAQ,24 04 2026
800Pv00000GEuK4IAL,a1G4J0000025yo7UAA,28 04 2026
800Pv00000GEuK5IAL,a1G4J0000025yoDUAQ,03 10 2025
800Pv00000GEuKGIA1,a1G4J0000025yoeUAA,16 01 2027
800Pv00000GEuZQIA1,a1G4J0000025yGBUAY,21 11 2026
800Pv00000GEua7IAD,a1G4J0000025yJ4UAI,23 04 2026
800Pv00000GEua9IAD,a1G4J0000025yJCUAY,20 04 2026
800Pv00000GEuvmIAD,a1G4J0000025vjJUAQ,22 11 2026
800Pv00000GEuvuIAD,a1G4J0000025vjlUAA,06 12 2026
800Pv00000GEv8SIAT,a1G4J0000025vM5UAI,30 07 2025
800Pv00000GEvlQIAT,a1G4J0000025xfBUAQ,11 12 2025
800Pv00000GEvm9IAD,a1G4J0000025xiPUAQ,11 05 2027
800Pv00000GEvniIAD,a1G4J0000025xTcUAI,22 07 2025
800Pv00000GEw00IAD,a1G4J0000025ytPUAQ,27 08 2026
800Pv00000GEw01IAD,a1G4J0000025ytaUAA,08 04 2026
800Pv00000GEw0uIAD,a1G4J0000025ywoUAA,04 09 2025
800Pv00000GEw1EIAT,a1G4J0000025yxUUAQ,08 04 2026
800Pv00000GEw8bIAD,a1G4J0000025uyeUAA,07 03 2026
800Pv00000GEw8gIAD,a1G4J0000025uz0UAA,03 08 2025
800Pv00000GEw9IIAT,a1G4J0000025v0zUAA,21 09 2026
800Pv00000GEw9JIAT,a1G4J0000025v10UAA,03 06 2027
800Pv00000GEwBGIA1,a1G4J0000025u3OUAQ,18 09 2025
800Pv00000GEwCJIA1,a1G4J0000025u5WUAQ,10 11 2026
800Pv00000GEwIBIA1,a1G4J0000025uh5UAA,16 09 2026
800Pv00000GEwICIA1,a1G4J0000025uh7UAA,30 09 2026
800Pv00000GEwIPIA1,a1G4J0000025uhdUAA,30 07 2026
800Pv00000GEwInIAL,a1G4J0000025ujKUAQ,13 09 2025
800Pv00000GEwJ0IAL,a1G4J0000025ujoUAA,16 05 2026
800Pv00000GEweEIAT,a1G4J0000025umBUAQ,23 11 2026
800Pv00000GEyjbIAD,a1G4J0000025vxtUAA,20 08 2025
800Pv00000GEyjgIAD,a1G4J0000025vy5UAA,16 11 2025
800Pv00000GEz0pIAD,a1G4J0000025z6LUAQ,19 04 2027
800Pv00000GEz0vIAD,a1G4J0000025z6bUAA,10 08 2026
800Pv00000GEz1hIAD,a1G4J0000025z8qUAA,27 08 2026
800Pv00000GEz1iIAD,a1G4J0000025z8uUAA,22 04 2027
800Pv00000GEz1mIAD,a1G4J0000025z96UAA,29 04 2026
800Pv00000GEz1yIAD,a1G4J0000025z9jUAA,28 11 2026
800Pv00000GEz20IAD,a1G4J0000025z9pUAA,08 04 2027
800Pv00000GEz29IAD,a1G4J0000025zAHUAY,28 04 2026
800Pv00000GEz2OIAT,a1G4J0000025zBOUAY,11 05 2027
800Pv00000GEz5oIAD,a1G4J0000025znmUAA,10 06 2027
800Pv00000GEz61IAD,a1G4J0000025zoAUAQ,16 11 2026
800Pv00000GEz7jIAD,a1G4J0000025y0SUAQ,19 07 2026
800Pv00000GEz7wIAD,a1G4J0000025y19UAA,29 12 2026
800Pv00000GEz8zIAD,a1G4J0000025tiLUAQ,09 05 2026
800Pv00000GEz90IAD,a1G4J0000025tiQUAQ,22 05 2027
800Pv00000GEz94IAD,a1G4J0000025tiaUAA,16 09 2025
800Pv00000GEz98IAD,a1G4J0000025tipUAA,19 09 2026
800Pv00000GEz99IAD,a1G4J0000025tiuUAA,18 10 2025
800Pv00000GEz9FIAT,a1G4J0000025tjJUAQ,24 02 2026
800Pv00000GEz9KIAT,a1G4J0000025tjUUAQ,16 11 2026
800Pv00000GEz9XIAT,a1G4J0000025tkCUAQ,13 12 2026
800Pv00000GEz9aIAD,a1G4J0000025tkKUAQ,24 01 2026
800Pv00000GEz9iIAD,a1G4J0000025tl8UAA,03 11 2025
800Pv00000GEz9lIAD,a1G4J0000025tlVUAQ,02 04 2027
800Pv00000GEz9qIAD,a1G4J0000025tloUAA,15 06 2026
800Pv00000GEz9sIAD,a1G4J0000025tltUAA,31 01 2026
800Pv00000GEz9zIAD,a1G4J0000025tmIUAQ,21 01 2027
800Pv00000GEzA4IAL,a1G4J0000025tmcUAA,11 09 2025
800Pv00000GEzA8IAL,a1G4J0000025tmkUAA,05 03 2027
800Pv00000GEzAIIA1,a1G4J0000025tnQUAQ,23 08 2026
800Pv00000GEzAMIA1,a1G4J0000025tnmUAA,04 11 2026
800Pv00000GEzAQIA1,a1G4J0000025tnuUAA,13 11 2026
800Pv00000GEzJxIAL,a1G4J00000262jJUAQ,26 10 2025
800Pv00000GEzJyIAL,a1G4J00000262jOUAQ,10 04 2026
800Pv00000GEzK5IAL,a1G4J00000262jxUAA,07 04 2026
800Pv00000GEzK8IAL,a1G4J00000262k7UAA,07 04 2026
800Pv00000GEzQzIAL,a1G4J0000025z07UAA,19 04 2027
800Pv00000GEzRPIA1,a1G4J0000025z1rUAA,23 10 2025
800Pv00000GEzRYIA1,a1G4J0000025z2QUAQ,08 04 2026
800Pv00000GEzRbIAL,a1G4J0000025z2UUAQ,08 04 2027
800Pv00000GEzRiIAL,a1G4J0000025z2zUAA,08 04 2026
800Pv00000GEzRjIAL,a1G4J0000025z32UAA,25 02 2026
800Pv00000GEzRqIAL,a1G4J0000025z3XUAQ,24 04 2026
800Pv00000GEzhSIAT,a1G4J0000025uXQUAY,03 09 2025
800Pv00000GEzhcIAD,a1G4J0000025uXjUAI,15 10 2026
800Pv00000GEzhhIAD,a1G4J0000025uYTUAY,12 09 2026
800Pv00000GEzhnIAD,a1G4J0000025uZ0UAI,05 10 2026
800Pv00000GEzhrIAD,a1G4J0000025uZAUAY,09 10 2025
800Pv00000GEzhsIAD,a1G4J0000025uZFUAY,27 03 2027
800Pv00000GEzhwIAD,a1G4J0000025uZUUAY,25 04 2027
800Pv00000GEzhyIAD,a1G4J0000025uZZUAY,05 04 2027
800Pv00000GEziCIAT,a1G4J0000025uaeUAA,07 11 2025
800Pv00000GEziKIAT,a1G4J0000025ubhUAA,09 11 2025
800Pv00000GEzqRIAT,a1G4J0000025tXjUAI,21 05 2026
800Pv00000GEzr4IAD,a1G4J0000025tZNUAY,02 05 2026
800Pv00000GEzr7IAD,a1G4J0000025tZRUAY,05 01 2026
800Pv00000GEzs5IAD,a1G4J0000025ta4UAA,02 06 2027
800Pv00000GEzsGIAT,a1G4J0000025taXUAQ,29 11 2025
800Pv00000GEzsaIAD,a1G4J0000025tcmUAA,22 05 2027
800Pv00000GEzspIAD,a1G4J0000025tdWUAQ,08 08 2025
800Pv00000GEzsuIAD,a1G4J0000025te0UAA,18 01 2027
800Pv00000GEzt3IAD,a1G4J0000025tekUAA,14 10 2026
800Pv00000GEzt8IAD,a1G4J0000025tfEUAQ,11 11 2026
800Pv00000GEzt9IAD,a1G4J0000025tfOUAQ,01 03 2026
800Pv00000GEztBIAT,a1G4J0000025tfYUAQ,18 09 2025
800Pv00000GEztDIAT,a1G4J0000025tfcUAA,27 08 2026
800Pv00000GEztGIAT,a1G4J0000025tfnUAA,25 07 2025
800Pv00000GEztOIAT,a1G4J0000025tgBUAQ,10 10 2026
800Pv00000GEztZIAT,a1G4J0000025tgyUAA,07 07 2027
800Pv00000GEztaIAD,a1G4J0000025tgzUAA,17 01 2026
800Pv00000GEztbIAD,a1G4J0000025th0UAA,18 03 2027
800Pv00000GEztdIAD,a1G4J0000025thEUAQ,18 12 2025
800Pv00000GEztfIAD,a1G4J0000025thOUAQ,27 10 2025
800Pv00000GEzthIAD,a1G4J0000025thSUAQ,28 05 2027
800Pv00000GEztlIAD,a1G4J0000025thdUAA,09 04 2027
800Pv00000GEztnIAD,a1G4J0000025theUAA,18 09 2025
800Pv00000GEztqIAD,a1G4J0000025thwUAA,18 07 2025
800Pv00000GEzxGIAT,a1G4J0000025twEUAQ,22 10 2026
800Pv00000GEzxzIAD,a1G4J0000025zJDUAY,08 11 2025
800Pv00000GEzy0IAD,a1G4J0000025zJEUAY,11 09 2025
800Pv00000GEzy5IAD,a1G4J0000025zJRUAY,11 09 2025
800Pv00000GEzyHIAT,a1G4J0000025zK0UAI,24 04 2026
800Pv00000GEzyOIAT,a1G4J0000025zKGUAY,29 04 2026
800Pv00000GEzyPIAT,a1G4J0000025zKHUAY,08 04 2027
800Pv00000GF020IAD,a1G4J0000025u73UAA,30 09 2026
800Pv00000GF02KIAT,a1G4J0000025u8CUAQ,03 06 2026
800Pv00000GF02OIAT,a1G4J0000025u8PUAQ,18 03 2026
800Pv00000GF02TIAT,a1G4J0000025u8YUAQ,30 04 2026
800Pv00000GF03VIAT,a1G4J0000025uCTUAY,23 12 2026
800Pv00000GF043IAD,a1G4J0000025uE2UAI,11 11 2026
800Pv00000GF04GIAT,a1G4J0000025uEbUAI,20 08 2026
800Pv00000GF04LIAT,a1G4J0000025uEqUAI,16 05 2026
800Pv00000GF051IAD,a1G4J0000025uKpUAI,27 10 2026
800Pv00000GF05CIAT,a1G4J0000025uLPUAY,10 04 2027
800Pv00000GF06dIAD,a1G4J0000025uN4UAI,25 08 2026
800Pv00000GF06wIAD,a1G4J0000025uO7UAI,16 01 2026
800Pv00000GF071IAD,a1G4J0000025uOMUAY,21 06 2027
800Pv00000GF072IAD,a1G4J0000025uOSUAY,04 05 2026
800Pv00000GF076IAD,a1G4J0000025uP0UAI,11 09 2025
800Pv00000GF077IAD,a1G4J0000025uP5UAI,10 10 2025
800Pv00000GF07AIAT,a1G4J0000025uPKUAY,01 10 2026
800Pv00000GF07UIAT,a1G4J0000025uQZUAY,10 01 2027
800Pv00000GF07VIAT,a1G4J0000025uQaUAI,17 03 2026
800Pv00000GF07rIAD,a1G4J0000025uROUAY,11 05 2027
800Pv00000GF083IAD,a1G4J0000025uSvUAI,10 01 2026
800Pv00000GF088IAD,a1G4J0000025uTOUAY,19 10 2025
800Pv00000GF08dIAD,a1G4J0000025uVnUAI,11 01 2027
800Pv00000GF0A0IAL,a1G4J0000025uctUAA,09 04 2026
800Pv00000GF0ABIA1,a1G4J0000025udWUAQ,13 04 2026
800Pv00000GF0ADIA1,a1G4J0000025udlUAA,29 03 2026
800Pv00000GF0AFIA1,a1G4J0000025udqUAA,24 03 2027
800Pv00000GF0AIIA1,a1G4J0000025ueAUAQ,04 05 2027
800Pv00000GF0ALIA1,a1G4J0000025ueQUAQ,25 10 2025
800Pv00000GF0AMIA1,a1G4J0000025ueeUAA,22 09 2025
800Pv00000GF0ARIA1,a1G4J0000025uetUAA,09 03 2027
800Pv00000GF0C9IAL,a1G4J0000025um5UAA,26 04 2027
800Pv00000GF0E7IAL,a1G4J00000260dKUAQ,04 08 2026
800Pv00000GF0EYIA1,a1G4J00000262jEUAQ,07 04 2026
800Pv00000GF0IyIAL,a1G4J0000025wPjUAI,03 08 2025
800Pv00000GF0J1IAL,a1G4J0000025wPxUAI,06 12 2026
800Pv00000GF0J6IAL,a1G4J0000025wQJUAY,04 08 2025
800Pv00000GF0JCIA1,a1G4J0000025wQeUAI,28 03 2026
800Pv00000GF0JIIA1,a1G4J0000025wR4UAI,15 05 2026
800Pv00000GF0JPIA1,a1G4J0000025wROUAY,14 02 2026
800Pv00000GF0O8IAL,a1G4J0000025xO7UAI,04 11 2025
800Pv00000GF0YBIA1,a1G4J0000025v1dUAA,28 09 2025
800Pv00000GF0d9IAD,a1G4J0000025vMyUAI,22 08 2025
800Pv00000GF0dLIAT,a1G4J0000025vNJUAY,31 07 2026
800Pv00000GF0gWIAT,a1G4J0000025vWXUAY,17 12 2025
800Pv00000GF0hoIAD,a1G4J0000025vajUAA,25 11 2026
800Pv00000GF0hzIAD,a1G4J0000025x8mUAA,05 07 2026
800Pv00000GF0ibIAD,a1G4J0000025xA9UAI,08 06 2027
800Pv00000GF0igIAD,a1G4J0000025xAOUAY,19 06 2026
800Pv00000GF0kzIAD,a1G4J0000025voMUAQ,02 03 2027
800Pv00000GF0l2IAD,a1G4J0000025voTUAQ,09 03 2027
800Pv00000GF0lEIAT,a1G4J0000025vp6UAA,22 08 2025
800Pv00000GF0lLIAT,a1G4J0000025vpMUAQ,11 10 2026
800Pv00000GF0nGIAT,a1G4J0000025vsKUAQ,09 06 2026
800Pv00000GF0oKIAT,a1G4J0000025vvrUAA,18 01 2026
800Pv00000GF0p3IAD,a1G4J0000025x4sUAA,18 02 2027
800Pv00000GF0pDIAT,a1G4J0000025x5MUAQ,17 05 2027
800Pv00000GF0qgIAD,a1G4J00000262FUUAY,18 03 2027
800Pv00000GF0qhIAD,a1G4J00000262FVUAY,30 05 2026
800Pv00000GF0rJIAT,a1G4J0000025w1tUAA,03 04 2026
800Pv00000GF0rKIAT,a1G4J0000025w1uUAA,15 08 2026
800Pv00000GF0rVIAT,a1G4J0000025w2SUAQ,05 08 2026
800Pv00000GF0tKIAT,a1G4J0000025w4yUAA,11 04 2026
800Pv00000GF0tPIAT,a1G4J0000025w5EUAQ,28 03 2027
800Pv00000GF0tZIAT,a1G4J0000025w5YUAQ,07 02 2027
800Pv00000GF0tbIAD,a1G4J0000025w5cUAA,07 05 2026
800Pv00000GF0tfIAD,a1G4J0000025w5lUAA,18 06 2026
800Pv00000GF0tiIAD,a1G4J0000025w5vUAA,27 10 2026
800Pv00000GF0tkIAD,a1G4J0000025w6CUAQ,20 10 2026
800Pv00000GF0ttIAD,a1G4J0000025w6hUAA,27 07 2025
800Pv00000GF0tvIAD,a1G4J0000025w6jUAA,14 04 2026
800Pv00000GF0tyIAD,a1G4J0000025w6tUAA,20 09 2026
800Pv00000GF0u2IAD,a1G4J0000025w72UAA,02 03 2027
800Pv00000GF0u5IAD,a1G4J0000025w7FUAQ,20 08 2026
800Pv00000GF0uGIAT,a1G4J0000025w7eUAA,29 06 2026
800Pv00000GF0uJIAT,a1G4J0000025w7mUAA,16 04 2027
800Pv00000GF0umIAD,a1G4J0000025w8zUAA,07 06 2027
800Pv00000GF0zdIAD,a1G4J0000025wJoUAI,10 12 2026
800Pv00000GF0zxIAD,a1G4J0000025wKqUAI,22 04 2027
800Pv00000GF101IAD,a1G4J0000025wL5UAI,10 09 2026
800Pv00000GF10CIAT,a1G4J0000025wLZUAY,23 06 2026
800Pv00000GF10WIAT,a1G4J0000025wMEUAY,21 11 2026
800Pv00000GF116IAD,a1G4J0000025wOAUAY,02 05 2027
800Pv00000GF11QIAT,a1G4J0000025wOyUAI,16 10 2025
800Pv00000GF11TIAT,a1G4J0000025wP9UAI,24 06 2026
800Pv00000GF12dIAD,a1G4J0000025wRXUAY,11 09 2025
800Pv00000GF12rIAD,a1G4J0000025wSLUAY,20 06 2027
800Pv00000GF12tIAD,a1G4J0000025wSRUAY,14 09 2026
800Pv00000GF13AIAT,a1G4J0000025wTYUAY,14 10 2025
800Pv00000GF13JIAT,a1G4J0000025wToUAI,08 06 2027
800Pv00000GF13SIAT,a1G4J0000025wUMUAY,21 03 2027
800Pv00000GF13vIAD,a1G4J0000025wVpUAI,03 08 2025
800Pv00000GF140IAD,a1G4J0000025wW5UAI,08 12 2025
800Pv00000GF14FIAT,a1G4J0000025wcUUAQ,04 02 2026
800Pv00000GF1AjIAL,a1G4J0000025wyhUAA,26 03 2027
800Pv00000GF1EXIA1,a1G4J0000025x8cUAA,23 05 2027
800Pv00000GF1HKIA1,a1G4J0000025xGgUAI,29 04 2026
800Pv00000GF1IQIA1,a1G4J0000025yAHUAY,31 01 2026
800Pv00000GF1IgIAL,a1G4J0000025yArUAI,18 08 2025
800Pv00000GF1L6IAL,a1G4J0000025xQ9UAI,11 12 2025
800Pv00000GF1M6IAL,a1G4J0000025xSAUAY,11 12 2025
800Pv00000GF1NzIAL,a1G4J0000025tUnUAI,11 12 2025
800Pv00000GF1PHIA1,a1G4J0000025xd1UAA,05 11 2025
800Pv00000GF1PlIAL,a1G4J0000025xeYUAQ,30 07 2026
800Pv00000GF1PnIAL,a1G4J00000262whUAA,28 04 2026
800Pv00000GF1PsIAL,a1G4J00000262xGUAQ,03 08 2026
800Pv00000GF1PuIAL,a1G4J00000262xQUAQ,28 04 2026
800Pv00000GF1PvIAL,a1G4J00000262xfUAA,28 04 2026
800Pv00000GF1Q0IAL,a1G4J00000262xpUAA,03 08 2026
800Pv00000GF1Q1IAL,a1G4J00000262xuUAA,28 04 2026
800Pv00000GF1Q9IAL,a1G4J00000262ydUAA,09 04 2026
800Pv00000GF1QEIA1,a1G4J00000262z7UAA,25 04 2026
800Pv00000GF1QKIA1,a1G4J00000262zRUAQ,04 04 2026
800Pv00000GF1QOIA1,a1G4J00000262zbUAA,03 08 2026
800Pv00000GF1QSIA1,a1G4J00000262zlUAA,25 04 2026
800Pv00000GF1QbIAL,a1G4J000002630oUAA,25 04 2026
800Pv00000GF1QcIAL,a1G4J000002630pUAA,07 04 2026
800Pv00000GF1QgIAL,a1G4J0000026313UAA,10 04 2026
800Pv00000GF1QkIAL,a1G4J000002631IUAQ,17 04 2026
800Pv00000GF1aVIAT,a1G4J0000025yB2UAI,20 12 2026
800Pv00000GF1adIAD,a1G4J0000025yBMUAY,19 11 2026
800Pv00000GF1bEIAT,a1G4J0000025yDIUAY,01 03 2026
800Pv00000GF1fbIAD,a1G4J0000025yRlUAI,30 09 2026
800Pv00000GF1g1IAD,a1G4J0000025yT7UAI,03 08 2026
800Pv00000GF1kHIAT,a1G4J0000025toZUAQ,27 03 2027
800Pv00000GF1kUIAT,a1G4J0000025tpMUAQ,28 07 2026
800Pv00000GF1nQIAT,a1G4J0000025tzdUAA,30 10 2025
800Pv00000GF1nYIAT,a1G4J0000025tztUAA,16 10 2026
800Pv00000GF1nxIAD,a1G4J0000025u0qUAA,05 06 2027
800Pv00000GF1oFIAT,a1G4J0000025u1gUAA,22 02 2027
800Pv00000GF1oNIAT,a1G4J0000025u26UAA,12 12 2026
800Pv00000GF1oXIAT,a1G4J0000025u2VUAQ,25 03 2027
800Pv00000GF1pBIAT,a1G4J0000025uu4UAA,21 10 2026
800Pv00000GF1pcIAD,a1G4J0000025zkpUAA,25 02 2026
800Pv00000GF1q7IAD,a1G4J0000025zmcUAA,26 09 2025
800Pv00000GF1uHIAT,a1G4J0000025vcuUAA,01 12 2026
800Pv00000GF1uiIAD,a1G4J0000025vefUAA,06 09 2026
800Pv00000GF1umIAD,a1G4J0000025vekUAA,24 07 2025
800Pv00000GF1v4IAD,a1G4J0000025vg6UAA,27 03 2026
800Pv00000GF1vFIAT,a1G4J0000025vhQUAQ,01 05 2027
800Pv00000GF1vTIAT,a1G4J0000025vi5UAA,10 12 2025
800Pv00000GF1vXIAT,a1G4J0000025viJUAQ,03 09 2026
800Pv00000GF1vaIAD,a1G4J0000025viVUAQ,26 11 2026
800Pv00000GF20DIAT,a1G4J00000262WjUAI,21 03 2027
800Pv00000GF20cIAD,a1G4J0000025wiVUAQ,02 11 2026
800Pv00000GF213IAD,a1G4J0000025wkDUAQ,07 10 2026
800Pv00000GF21OIAT,a1G4J0000025wlJUAQ,01 11 2025
800Pv00000GF21uIAD,a1G4J0000025wnTUAQ,20 11 2025
800Pv00000GF225IAD,a1G4J0000025woMUAQ,18 01 2026
800Pv00000GF228IAD,a1G4J0000025woRUAQ,27 08 2025
800Pv00000GF229IAD,a1G4J0000025wobUAA,11 12 2025
800Pv00000GF22CIAT,a1G4J0000025wogUAA,30 10 2025
800Pv00000GF22SIAT,a1G4J0000025wpKUAQ,20 09 2025
800Pv00000GF22aIAD,a1G4J0000025wpeUAA,10 05 2026
800Pv00000GF22dIAD,a1G4J0000025wpjUAA,11 12 2025
800Pv00000GF22fIAD,a1G4J0000025wptUAA,05 02 2026
800Pv00000GF22gIAD,a1G4J0000025wpyUAA,12 04 2026
800Pv00000GF22hIAD,a1G4J0000025wq3UAA,09 12 2025
800Pv00000GF22jIAD,a1G4J0000025wq9UAA,16 11 2025
800Pv00000GF22kIAD,a1G4J0000025wqDUAQ,04 02 2026
800Pv00000GF23DIAT,a1G4J0000025wz9UAA,18 09 2026
800Pv00000GF23nIAD,a1G4J0000025xJgUAI,15 08 2025
800Pv00000GF24JIAT,a1G4J0000025xKxUAI,05 02 2027
800Pv00000GF24yIAD,a1G4J0000025xMaUAI,19 08 2025
800Pv00000GF24zIAD,a1G4J0000025xMbUAI,05 11 2025
800Pv00000GF258IAD,a1G4J0000025xMxUAI,27 02 2026
800Pv00000GF2BPIA1,a1G4J0000025y7VUAQ,31 07 2025
800Pv00000GF2BjIAL,a1G4J0000025y8ZUAQ,24 04 2026
800Pv00000GF2C5IAL,a1G4J0000025y9pUAA,29 01 2026
800Pv00000GF2CFIA1,a1G4J0000025yiyUAA,04 02 2026
800Pv00000GF2CVIA1,a1G4J0000025ykHUAQ,10 05 2026
800Pv00000GF2DNIA1,a1G4J0000025yqZUAQ,14 11 2026
800Pv00000GF2DPIA1,a1G4J0000025yqfUAA,21 01 2027
800Pv00000GF2DVIA1,a1G4J0000025yrDUAQ,03 02 2027
800Pv00000GF2DXIA1,a1G4J0000025yrHUAQ,08 04 2026
800Pv00000GF2F6IAL,a1G4J0000025yytUAA,27 07 2026
800Pv00000GF2GwIAL,a1G4J0000025zeVUAQ,15 10 2026
800Pv00000GF2HbIAL,a1G4J0000025zgMUAQ,21 07 2025
800Pv00000GF2I2IAL,a1G4J0000025zBQUAY,28 04 2026
800Pv00000GF2IIIA1,a1G4J0000025zC7UAI,24 02 2027
800Pv00000GF2K8IAL,a1G4J0000025zE3UAI,21 05 2026
800Pv00000GF2KMIA1,a1G4J0000025zF0UAI,30 10 2026
800Pv00000GF2KXIA1,a1G4J0000025zFVUAY,21 10 2026
800Pv00000GF2KuIAL,a1G4J0000025zGUUAY,08 04 2027
800Pv00000GF2L9IAL,a1G4J0000025zHHUAY,08 04 2027
800Pv00000GF2N1IAL,a1G4J0000025zKjUAI,28 04 2026
800Pv00000GF2N3IAL,a1G4J0000025zKqUAI,29 11 2026
800Pv00000GF2NQIA1,a1G4J0000025zLzUAI,27 08 2026
800Pv00000GF2NcIAL,a1G4J0000025zMSUAY,11 05 2027
800Pv00000GF2NdIAL,a1G4J0000025zMVUAY,28 04 2026
800Pv00000GF2NkIAL,a1G4J0000025zMnUAI,24 05 2027
800Pv00000GF2OaIAL,a1G4J0000025zNYUAY,27 08 2026
800Pv00000GF2PIIA1,a1G4J0000025zPGUAY,24 04 2026
800Pv00000GF2PWIA1,a1G4J0000025zPwUAI,09 11 2025
800Pv00000GF2PnIAL,a1G4J0000025zQmUAI,24 04 2026
800Pv00000GF2aRIAT,a1G4J0000025zrTUAQ,11 10 2025
800Pv00000GF2bFIAT,a1G4J0000025ztyUAA,04 06 2026
800Pv00000GF2dkIAD,a1G4J0000025zxbUAA,04 08 2025
800Pv00000GF2jgIAD,a1G4J00000260agUAA,25 08 2026
800Pv00000GF2jkIAD,a1G4J00000260b4UAA,15 04 2026
800Pv00000GF2jlIAD,a1G4J00000260b9UAA,15 04 2026
800Pv00000GF2jnIAD,a1G4J00000260bdUAA,08 04 2026
800Pv00000GF2jsIAD,a1G4J00000260cCUAQ,25 04 2026
800Pv00000GF2jvIAD,a1G4J00000260cHUAQ,03 08 2026
800Pv00000GF2jwIAD,a1G4J00000260cMUAQ,17 04 2026
800Pv00000GF2jxIAD,a1G4J00000260cRUAQ,12 10 2026
800Pv00000GF2l3IAD,a1G4J00000260cWUAQ,28 04 2026
800Pv00000GF2l4IAD,a1G4J00000260cgUAA,28 04 2026
800Pv00000GF2l6IAD,a1G4J00000260cqUAA,04 08 2026
800Pv00000GF2l8IAD,a1G4J00000260d0UAA,10 04 2026
800Pv00000GF2l9IAD,a1G4J00000260d5UAA,10 04 2026
800Pv00000GF2lCIAT,a1G4J00000260dZUAQ,08 04 2026
800Pv00000GF2m1IAD,a1G4J00000261OAUAY,27 10 2025
800Pv00000GF2m2IAD,a1G4J00000261OKUAY,27 10 2025
800Pv00000GF2qsIAD,a1G4J00000261yZUAQ,13 05 2027
800Pv00000GF2vdIAD,a1G4J00000262gpUAA,25 04 2026
800Pv00000GF2vnIAD,a1G4J00000262hdUAA,10 04 2026
800Pv00000GF2voIAD,a1G4J00000262hhUAA,05 06 2026
800Pv00000GF2vxIAD,a1G4J00000262iQUAQ,20 04 2027
800Pv00000GF2vzIAD,a1G4J00000262iVUAQ,28 04 2026
800Pv00000GF2weIAD,a1G4J00000262leUAA,28 05 2026
800Pv00000GF2wlIAD,a1G4J00000262mDUAQ,03 08 2026
800Pv00000GF2woIAD,a1G4J00000262mNUAQ,17 06 2026
800Pv00000GF2wsIAD,a1G4J00000262mhUAA,29 04 2026
800Pv00000GF2wtIAD,a1G4J00000262miUAA,01 09 2025
800Pv00000GF2wuIAD,a1G4J00000262msUAA,07 04 2026
800Pv00000GF2wxIAD,a1G4J00000262n7UAA,04 08 2026
800Pv00000GF2x0IAD,a1G4J00000262nHUAQ,28 08 2026
800Pv00000GF2x6IAD,a1G4J00000262nkUAA,03 08 2026
800Pv00000GF2xAIAT,a1G4J00000262oFUAQ,23 03 2027
800Pv00000GF2xDIAT,a1G4J00000262oTUAQ,25 04 2026
800Pv00000GF2xIIAT,a1G4J00000262p2UAA,25 04 2026
800Pv00000GF2xPIAT,a1G4J00000262q0UAA,25 04 2026
800Pv00000GF2xQIAT,a1G4J00000262q5UAA,28 05 2026
800Pv00000GF2xSIAT,a1G4J00000262qAUAQ,25 04 2026
800Pv00000GF2xaIAD,a1G4J00000262rXUAQ,15 04 2026
800Pv00000GF2xdIAD,a1G4J00000262rwUAA,25 04 2026
800Pv00000GF2xeIAD,a1G4J00000262s1UAA,15 04 2026
800Pv00000GF2xfIAD,a1G4J00000262s6UAA,04 08 2026
800Pv00000GF2xgIAD,a1G4J00000262sGUAQ,25 04 2026
800Pv00000GF2xlIAD,a1G4J00000262svUAA,25 08 2026
800Pv00000GF2xoIAD,a1G4J00000262tEUAQ,14 04 2026
800Pv00000GF2xpIAD,a1G4J00000262tJUAQ,08 04 2026
800Pv00000GF2xqIAD,a1G4J00000262tOUAQ,08 04 2026
800Pv00000GF2y0IAD,a1G4J00000262ulUAA,25 04 2026
800Pv00000GF2y1IAD,a1G4J00000262uvUAA,23 03 2027
800Pv00000GF2y4IAD,a1G4J00000262vKUAQ,28 04 2026
800Pv00000GF2y5IAD,a1G4J00000262vPUAQ,25 04 2026
800Pv00000GF2yCIAT,a1G4J00000262wXUAQ,17 06 2026
800Pv00000GF2zaIAD,a1G4J000002631SUAQ,02 04 2026
800Pv00000GF2zbIAD,a1G4J000002631hUAA,04 04 2026
800Pv00000GF2zeIAD,a1G4J000002631rUAA,19 07 2026
800Pv00000GF2zhIAD,a1G4J0000026326UAA,09 04 2026
800Pv00000GF2ziIAD,a1G4J000002632BUAQ,09 04 2026
800Pv00000GF2zxIAD,a1G4J000002633iUAA,09 10 2026
800Pv00000GF2zyIAD,a1G4J000002633nUAA,07 04 2026
800Pv00000GF302IAD,a1G4J000002634lUAA,24 03 2026
800Pv00000GF303IAD,a1G4J000002635KUAQ,04 08 2026
800Pv00000GF3JTIA1,a1G4J0000025wdeUAA,31 01 2027
800Pv00000GF3JaIAL,a1G4J0000025we8UAA,24 07 2025
800Pv00000GF3K2IAL,a1G4J0000025wfDUAQ,10 01 2027
800Pv00000GF3K6IAL,a1G4J0000025wfRUAQ,27 02 2026
800Pv00000GF3OEIA1,a1G4J0000025yZWUAY,09 04 2026
800Pv00000GF3OLIA1,a1G4J0000025yZzUAI,03 06 2026
800Pv00000GF3ObIAL,a1G4J0000025yasUAA,27 08 2026
800Pv00000GF3OxIAL,a1G4J0000025ybpUAA,12 08 2026
800Pv00000GF3OzIAL,a1G4J0000025ybuUAA,04 10 2026
800Pv00000GF3PMIA1,a1G4J0000025ydDUAQ,30 04 2026
800Pv00000GF3PvIAL,a1G4J0000025yfeUAA,23 04 2026
800Pv00000GF3PzIAL,a1G4J0000025yftUAA,15 05 2027
800Pv00000GF3Q5IAL,a1G4J0000025yggUAA,30 04 2026
800Pv00000GF3Q9IAL,a1G4J0000025ygtUAA,17 12 2026
800Pv00000GF3QDIA1,a1G4J0000025yhAUAQ,30 04 2026
800Pv00000GF3QEIA1,a1G4J0000025yhDUAQ,08 03 2026
800Pv00000GF3R3IAL,a1G4J0000025z5GUAQ,27 04 2027
800Pv00000GF3RBIA1,a1G4J0000025z5YUAQ,24 04 2026
800Pv00000GF3WFIA1,a1G4J0000025zbOUAQ,10 06 2027
800Pv00000GF3WzIAL,a1G4J0000025zdgUAA,16 10 2025
800Pv00000GF3X5IAL,a1G4J0000025zdxUAA,15 10 2026
800Pv00000GS8pRIAT,a1G4J0000025wZkUAI,22 10 2026
800Pv00000GcYAlIAN,a1G4J0000025tUVUAY,23 07 2025
800Pv00000IEhavIAD,a1G4J0000025tYVUAY,01 06 2026
800Pv00000IEoaXIAT,a1G4J0000025tX3UAI,01 06 2026
