Id,Unit__c
800Pv00000FFj7RIAT,a1G4J0000025wWUUAY
800Pv00000FdnRlIAJ,a1G4J0000025wkaUAA
800Pv00000Fds9ZIAR,a1G4J0000025wlqUAA
800Pv00000Fe0iGIAR,a1G4J0000025wbpUAA
800Pv00000Fe1MaIAJ,a1G4J0000025wg2UAA
800Pv00000Fe3xxIAB,a1G4J0000025vEWUAY
800Pv00000Fe6atIAB,a1G4J0000025wgdUAA
800Pv00000FeBSNIA3,a1G4J0000025vEWUAY
800Pv00000FeC4QIAV,a1G4J0000025wzQUAQ
800Pv00000FfD79IAF,a1G4J0000025wbpUAA
800Pv00000FfOQnIAN,a1G4J0000025x0SUAQ
800Pv00000FfbcVIAR,a1G4J0000025yyHUAQ
800Pv00000FfbcWIAR,a1G4J0000025zPoUAI
800Pv00000FffLCIAZ,a1G8d0000004XeOEAU
800Pv00000FffLDIAZ,a1G8d0000004ql7EAA
800Pv00000FidWUIAZ,a1GNz0000000vntMAA
800Pv00000FihALIAZ,a1G4J00000262xBUAQ
800Pv00000FihAMIAZ,a1G4J0000026305UAA
800Pv00000FihANIAZ,a1G4J000002630KUAQ
800Pv00000FihAOIAZ,a1G4J000002634vUAA
800Pv00000FihAPIAZ,a1G4J000002635ZUAQ
800Pv00000FihAQIAZ,a1G4J000004PtLjUAK
800Pv00000FihARIAZ,a1G4J000004PtLoUAK
800Pv00000FihASIAZ,a1G4J000004jurbUAA
800Pv00000FihATIAZ,a1G4J000004jus0UAA
800Pv00000FihAUIAZ,a1G4J000004jusPUAQ
800Pv00000FikkvIAB,a1G4J0000025yKWUAY
800Pv00000FilIpIAJ,a1GNz00000012ZFMAY
800Pv00000FilIqIAJ,a1GNz00000015SJMAY
800Pv00000FilIrIAJ,a1GNz00000015X7MAI
800Pv00000FilIsIAJ,a1GNz00000015bxMAA
800Pv00000FilItIAJ,a1GNz00000015dZMAQ
800Pv00000FilIuIAJ,a1GNz00000015fBMAQ
800Pv00000FilIvIAJ,a1GNz00000015k1MAA
800Pv00000FilIwIAJ,a1GNz00000015nGMAQ
800Pv00000FilIxIAJ,a1GNz00000015s8MAA
800Pv00000FilIyIAJ,a1GNz00000015s9MAA
800Pv00000FilIzIAJ,a1GNz00000015wvMAA
800Pv00000FilJ0IAJ,a1GNz0000001650MAA
800Pv00000FilJ1IAJ,a1GNz000000166bMAA
800Pv00000FilJ2IAJ,a1GNz000000168EMAQ
800Pv00000FilJ3IAJ,a1GNz00000016D3MAI
800Pv00000FilJ4IAJ,a1GNz00000016HvMAI
800Pv00000FilJ5IAJ,a1GNz00000016HxMAI
800Pv00000FilJ6IAJ,a1GNz00000016HyMAI
800Pv00000FilJ7IAJ,a1GNz00000016MjMAI
800Pv00000FilJ8IAJ,a1GNz00000016OMMAY
800Pv00000FilJ9IAJ,a1GNz00000016PxMAI
800Pv00000FilJAIAZ,a1GNz00000016TBMAY
800Pv00000FilJBIAZ,a1GNz00000016UnMAI
800Pv00000FilJCIAZ,a1GNz00000016Y1MAI
800Pv00000FilJDIAZ,a1GNz00000016Y2MAI
800Pv00000FilJEIAZ,a1GNz00000016ZdMAI
800Pv00000FilJFIAZ,a1GNz00000016csMAA
800Pv00000FilJGIAZ,a1GNz00000016eTMAQ
800Pv00000FilJHIAZ,a1GNz00000016eVMAQ
800Pv00000FilJIIAZ,a1GNz00000016g5MAA
800Pv00000FilJJIAZ,a1GNz00000016jLMAQ
800Pv00000FilJKIAZ,a1GNz00000016rPMAQ
800Pv00000FilJLIAZ,a1GNz000000172gMAA
800Pv00000FilJMIAZ,a1GNz000000174HMAQ
800Pv00000FilJNIAZ,a1GNz000000175tMAA
800Pv00000FilJOIAZ,a1GNz0000001797MAA
800Pv00000FilJPIAZ,a1GNz00000017CLMAY
800Pv00000FilJQIAZ,a1GNz00000017IoMAI
800Pv00000FilJRIAZ,a1GNz00000017PFMAY
800Pv00000FilJSIAZ,a1GNz00000017PGMAY
800Pv00000FilJTIAZ,a1GNz00000017aXMAQ
800Pv00000FilJUIAZ,a1GNz00000017cAMAQ
800Pv00000FilJVIAZ,a1GNz00000017dmMAA
800Pv00000FilJWIAZ,a1GNz00000017h0MAA
800Pv00000FilJXIAZ,a1GNz00000017ibMAA
800Pv00000FilJYIAZ,a1GNz00000017lqMAA
800Pv00000FilJZIAZ,a1GNz000000183ZMAQ
800Pv00000FilJaIAJ,a1GNz00000018BdMAI
800Pv00000FilJbIAJ,a1GNz00000018OXMAY
800Pv00000FilJcIAJ,a1GNz00000018Q9MAI
800Pv00000FilJdIAJ,a1GNz00000018TOMAY
800Pv00000FilJeIAJ,a1GNz00000018UzMAI
800Pv00000FilJfIAJ,a1GNz00000018V0MAI
800Pv00000FilJgIAJ,a1GNz00000018YEMAY
800Pv00000FilJhIAJ,a1GNz00000018gHMAQ
800Pv00000FilJiIAJ,a1GNz00000018l7MAA
800Pv00000FilJjIAJ,a1GNz00000018mkMAA
800Pv00000FilJkIAJ,a1GNz00000018oLMAQ
800Pv00000FilJlIAJ,a1GNz0000001GHFMA2
800Pv00000FilJmIAJ,a1GNz0000001Tw1MAE
800Pv00000FilJnIAJ,a1GNz0000001TxdMAE
800Pv00000FilJoIAJ,a1GNz0000001TzFMAU
800Pv00000FilJpIAJ,a1GNz0000002jDxMAI
800Pv00000FilJqIAJ,a1GNz0000002jFZMAY
800Pv00000FilJrIAJ,a1GNz0000002jHBMAY
800Pv00000FilJsIAJ,a1GNz0000002jInMAI
800Pv00000FilJtIAJ,a1GNz0000002jM1MAI
800Pv00000FilJuIAJ,a1GNz0000002jNdMAI
800Pv00000FilJvIAJ,a1GNz0000002jSTMAY
800Pv00000FilJwIAJ,a1GNz0000002jVhMAI
800Pv00000FilJxIAJ,a1GNz0000002jaXMAQ
800Pv00000FilJyIAJ,a1GNz0000002jfNMAQ
800Pv00000FilJzIAJ,a1GNz000000DT5pMAG
800Pv00000FilK0IAJ,a1GNz000000hvO1MAI
800Pv00000FilK1IAJ,a1GNz000000hvXhMAI
800Pv00000FilK2IAJ,a1GNz000000hvZJMAY
800Pv00000FilK3IAJ,a1GNz000000i57GMAQ
800Pv00000FilK4IAJ,a1GNz000000i5DhMAI
800Pv00000FilK5IAJ,a1GNz000000wCP0MAM
800Pv00000FilK7IAJ,a1GNz000000wIPaMAM
800Pv00000FilK8IAJ,a1GNz000000wIRBMA2
800Pv00000FilK9IAJ,a1GNz000000wK6PMAU
800Pv00000FilKAIAZ,a1GNz0000019Ah8MAE
800Pv00000FilKBIAZ,a1GNz0000019B8aMAE
800Pv00000FilKCIAZ,a1GNz0000019BrjMAE
800Pv00000FilKDIAZ,a1GNz0000019BwZMAU
800Pv00000FilKEIAZ,a1GNz0000019CB4MAM
800Pv00000FilKFIAZ,a1GNz0000019CxTMAU
800Pv00000FilKGIAZ,a1GNz0000019DQVMA2
800Pv00000FilKHIAZ,a1GNz0000019DS7MAM
800Pv00000FilKIIAZ,a1GNz0000019DWxMAM
800Pv00000FilKJIAZ,a1GNz0000019E00MAE
800Pv00000FilKKIAZ,a1GNz0000019EPmMAM
800Pv00000FilNuIAJ,a1G8d0000004DDsEAM
800Pv00000FilNvIAJ,a1G8d0000004DEHEA2
800Pv00000FilNwIAJ,a1G8d0000004DF5EAM
800Pv00000FilNxIAJ,a1G8d0000004DFKEA2
800Pv00000FilNyIAJ,a1G8d0000004DGhEAM
800Pv00000FilNzIAJ,a1G8d0000004DH2EAM
800Pv00000FilO0IAJ,a1G8d0000004DI9EAM
800Pv00000FilO1IAJ,a1G8d0000004DJcEAM
800Pv00000FilO2IAJ,a1G8d0000004DJgEAM
800Pv00000FilO3IAJ,a1G8d0000004DKPEA2
800Pv00000FilYtIAJ,a1G4J00000262lUUAQ
800Pv00000FilYuIAJ,a1G4J00000262m3UAA
800Pv00000FilYvIAJ,a1G4J00000262m8UAA
800Pv00000FilYwIAJ,a1G4J00000262pWUAQ
800Pv00000FilYxIAJ,a1G4J00000262rTUAQ
800Pv00000FilYyIAJ,a1G4J00000262vUUAQ
800Pv00000FilYzIAJ,a1G4J00000262xaUAA
800Pv00000FilZ0IAJ,a1G4J000002634qUAA
800Pv00000FilZ1IAJ,a1G4J000004jutXUAQ
800Pv00000FilZ2IAJ,a1G4J000004juvxUAA
800Pv00000FilZ3IAJ,a1G4J000004juwlUAA
800Pv00000FilZ4IAJ,a1G4J000004juxZUAQ
800Pv00000FilZ5IAJ,a1G4J000004juy8UAA
800Pv00000FilZ6IAJ,a1G4J000004jycoUAA
800Pv00000FilZ7IAJ,a1G4J000004jyftUAA
800Pv00000FilZ8IAJ,a1G4J000004jyfzUAA
800Pv00000FilZ9IAJ,a1G4J000004jyhZUAQ
800Pv00000FilZAIAZ,a1G4J000004jyi8UAA
800Pv00000FilZBIAZ,a1G4J000004jyiXUAQ
800Pv00000FilZCIAZ,a1G4J000004jyjBUAQ
800Pv00000FilZDIAZ,a1G4J000004jyjVUAQ
800Pv00000FilZEIAZ,a1G4J000004jyjlUAA
800Pv00000FilZFIAZ,a1G4J000004jyknUAA
800Pv00000FilZGIAZ,a1G4J000004jyoBUAQ
800Pv00000FilZHIAZ,a1G4J000004jyp5UAA
800Pv00000FilZIIAZ,a1G4J000004jypJUAQ
800Pv00000FilZJIAZ,a1G4J000004jyr5UAA
800Pv00000FilZKIAZ,a1G4J000004jyrAUAQ
800Pv00000FilZLIAZ,a1G4J000004jyrjUAA
800Pv00000FilZMIAZ,a1G4J000004jyrtUAA
800Pv00000FilZNIAZ,a1G4J000004jysmUAA
800Pv00000FilZOIAZ,a1G4J000004jyuiUAA
800Pv00000FilZPIAZ,a1G4J000004jyv8UAA
800Pv00000FilZQIAZ,a1G8d0000004D6IEAU
800Pv00000FilZRIAZ,a1G8d0000004D6xEAE
800Pv00000FilZSIAZ,a1G8d0000004D7DEAU
800Pv00000FilZTIAZ,a1G8d0000004D8AEAU
800Pv00000FilZUIAZ,a1G8d0000004D8YEAU
800Pv00000FilZVIAZ,a1G8d0000004D8nEAE
800Pv00000FilZWIAZ,a1G8d0000004DAKEA2
800Pv00000FilZXIAZ,a1G8d0000004DAbEAM
800Pv00000FilZYIAZ,a1G8d0000004DAoEAM
800Pv00000FilZZIAZ,a1G8d0000004DCaEAM
800Pv00000FilZaIAJ,a1G8d0000004DEREA2
800Pv00000FilZbIAJ,a1GNz0000000eLfMAI
800Pv00000FilZcIAJ,a1GNz0000000eNHMAY
800Pv00000FilZdIAJ,a1GNz0000000eVJMAY
800Pv00000FilZeIAJ,a1GNz0000000zoIMAQ
800Pv00000FilZfIAJ,a1GNz0000000eblMAA
800Pv00000FilZgIAJ,a1GNz0000000edNMAQ
800Pv00000FilZhIAJ,a1GNz0000000uTdMAI
800Pv00000FilZiIAJ,a1GNz0000000v9bMAA
800Pv00000FilZjIAJ,a1GNz0000000vCpMAI
800Pv00000FilZkIAJ,a1GNz0000000vCqMAI
800Pv00000FilZlIAJ,a1GNz0000000vCrMAI
800Pv00000FilZmIAJ,a1GNz0000000vEQMAY
800Pv00000FilZnIAJ,a1GNz0000000vHeMAI
800Pv00000FilZoIAJ,a1GNz0000000vJFMAY
800Pv00000FilZpIAJ,a1GNz0000000vKsMAI
800Pv00000FilZqIAJ,a1GNz0000000vUXMAY
800Pv00000FilZrIAJ,a1GNz0000000vfqMAA
800Pv00000FilZsIAJ,a1GNz0000000vj4MAA
800Pv00000FilZtIAJ,a1GNz0000000vj5MAA
800Pv00000FilZuIAJ,a1GNz0000000vvxMAA
800Pv00000FilZvIAJ,a1GNz0000000w2QMAQ
800Pv00000FilZwIAJ,a1GNz0000000wAWMAY
800Pv00000FilZxIAJ,a1GNz0000000wQdMAI
800Pv00000FilZyIAJ,a1GNz0000000wf7MAA
800Pv00000FilZzIAJ,a1GNz0000000wf9MAA
800Pv00000Fila0IAB,a1GNz0000000wjzMAA
800Pv00000Fila1IAB,a1GNz0000000wnBMAQ
800Pv00000Fila2IAB,a1GNz0000000wnCMAQ
800Pv00000Fila3IAB,a1GNz0000000wqRMAQ
800Pv00000Fila4IAB,a1GNz0000000wwrMAA
800Pv00000Fila5IAB,a1GNz0000000x05MAA
800Pv00000Fila6IAB,a1GNz0000000x4yMAA
800Pv00000Fila7IAB,a1GNz0000000x89MAA
800Pv00000Fila8IAB,a1GNz0000000xBNMAY
800Pv00000Fila9IAB,a1GNz0000000xEbMAI
800Pv00000FilaAIAR,a1GNz0000000xGDMAY
800Pv00000FilaBIAR,a1GNz0000000xJRMAY
800Pv00000FilaCIAR,a1GNz0000000xOHMAY
800Pv00000FilaDIAR,a1GNz0000000xcnMAA
800Pv00000FilaEIAR,a1GNz0000000xg1MAA
800Pv00000FilaFIAR,a1GNz0000000y12MAA
800Pv00000FilaGIAR,a1GNz0000000y93MAA
800Pv00000FilaHIAR,a1GNz0000000yAfMAI
800Pv00000FilaIIAR,a1GNz0000000yCHMAY
800Pv00000FilaJIAR,a1GNz0000000yIjMAI
800Pv00000FilaKIAR,a1GNz0000000ySPMAY
800Pv00000FilaLIAR,a1GNz0000000yYrMAI
800Pv00000FilaMIAR,a1GNz0000000yc5MAA
800Pv00000FilaNIAR,a1GNz0000000yozMAA
800Pv00000FilaOIAR,a1GNz0000000yp0MAA
800Pv00000FilaPIAR,a1GNz0000000yx3MAA
800Pv00000FilaQIAR,a1GNz0000000yyfMAA
800Pv00000FilaRIAR,a1GNz0000000yygMAA
800Pv00000FilaSIAR,a1GNz0000000z6jMAA
800Pv00000Filv2IAB,a1G8d0000004DEgEAM
800Pv00000Filv3IAB,a1G8d0000004DGSEA2
800Pv00000Filv4IAB,a1G8d0000004DGrEAM
800Pv00000Filv5IAB,a1G8d0000004DJREA2
800Pv00000Filv6IAB,a1G8d0000004DK0EAM
800Pv00000Filv7IAB,a1G8d0000004XY1EAM
800Pv00000Filv8IAB,a1G8d0000004XYtEAM
800Pv00000Filv9IAB,a1G8d0000004XZrEAM
800Pv00000FilvAIAR,a1G8d0000004XaaEAE
800Pv00000FilvBIAR,a1G8d0000004XakEAE
800Pv00000FilvCIAR,a1G8d0000004XbYEAU
800Pv00000FilvDIAR,a1G8d0000004XccEAE
800Pv00000FilvEIAR,a1G8d0000004XcnEAE
800Pv00000FilvFIAR,a1G8d0000004XeAEAU
800Pv00000FilvGIAR,a1G8d0000004Xf1EAE
800Pv00000FilvHIAR,a1G8d0000004XfgEAE
800Pv00000FilvIIAR,a1G8d0000004XhWEAU
800Pv00000FilvJIAR,a1G8d0000004Xi0EAE
800Pv00000FilvKIAR,a1G8d0000004Xi2EAE
800Pv00000FilvLIAR,a1G8d0000004XiFEAU
800Pv00000FilvMIAR,a1G8d0000004XiUEAU
800Pv00000FilvNIAR,a1G8d0000004XioEAE
800Pv00000FilvOIAR,a1G8d0000004XitEAE
800Pv00000FilvPIAR,a1G8d0000004XmgEAE
800Pv00000FilvQIAR,a1G8d0000004XnPEAU
800Pv00000FimeiIAB,a1G4J00000262iXUAQ
800Pv00000FimejIAB,a1G4J00000262jsUAA
800Pv00000FimekIAB,a1G4J00000262rSUAQ
800Pv00000FimelIAB,a1G4J00000262rrUAA
800Pv00000FimemIAB,a1G4J00000262sfUAA
800Pv00000FimenIAB,a1G4J00000262szUAA
800Pv00000FimeoIAB,a1G4J00000262tdUAA
800Pv00000FimepIAB,a1G4J00000262tnUAA
800Pv00000FimeqIAB,a1G4J00000262uqUAA
800Pv00000FimerIAB,a1G4J00000262veUAA
800Pv00000FioetIAB,a1GNz000001HU9BMAW
800Pv00000FioeuIAB,a1GNz000001HUAnMAO
800Pv00000FioevIAB,a1GNz000002tEScMAM
800Pv00000FioewIAB,a1GNz000002tEijMAE
800Pv00000FioexIAB,a1GNz000002tF6vMAE
800Pv00000FioeyIAB,a1GNz000002tFZxMAM
800Pv00000FioiyIAB,a1G4J0000025yNIUAY
800Pv00000FioizIAB,a1G4J0000025yNiUAI
800Pv00000Fioj0IAB,a1G4J0000025yPYUAY
800Pv00000Fioj1IAB,a1G4J0000025yQOUAY
800Pv00000Fioj2IAB,a1G4J0000025yQgUAI
800Pv00000Fioj3IAB,a1G4J0000025yQhUAI
800Pv00000Fioj4IAB,a1G4J0000025yQjUAI
800Pv00000Fioj5IAB,a1G4J0000025yRLUAY
800Pv00000Fioj6IAB,a1G4J0000025yS0UAI
800Pv00000Fioj7IAB,a1G4J0000025yS8UAI
800Pv00000Fioj8IAB,a1G4J0000025ynRUAQ
800Pv00000Fioj9IAB,a1G4J0000025yoGUAQ
800Pv00000FiojAIAR,a1G4J0000025yoJUAQ
800Pv00000FiojBIAR,a1G4J0000025yosUAA
800Pv00000FiojCIAR,a1G4J0000025yqgUAA
800Pv00000FiojDIAR,a1G4J0000025yraUAA
800Pv00000FiojEIAR,a1G4J0000025yryUAA
800Pv00000FiojFIAR,a1G4J0000025ysZUAQ
800Pv00000FiojGIAR,a1G4J0000025ysfUAA
800Pv00000FiojHIAR,a1G4J0000025yskUAA
800Pv00000FioweIAB,a1G4J0000025yD7UAI
800Pv00000FiowfIAB,a1G4J0000025yDAUAY
800Pv00000FiowgIAB,a1G4J0000025yDMUAY
800Pv00000FiowhIAB,a1G4J0000025yEFUAY
800Pv00000FiowiIAB,a1G4J0000025yEwUAI
800Pv00000FiowjIAB,a1G4J0000025yF6UAI
800Pv00000FiowkIAB,a1G4J0000025yFAUAY
800Pv00000FiowlIAB,a1G4J0000025yFdUAI
800Pv00000FiowmIAB,a1G4J0000025yFkUAI
800Pv00000FiownIAB,a1G4J0000025yHwUAI
800Pv00000FipmYIAR,a1G8d0000004VD6EAM
800Pv00000FipmZIAR,a1G8d0000004XYeEAM
800Pv00000FipmaIAB,a1G8d0000004XYzEAM
800Pv00000FipmbIAB,a1G8d0000004XZIEA2
800Pv00000FipmcIAB,a1G8d0000004XZNEA2
800Pv00000FipmdIAB,a1G8d0000004XZOEA2
800Pv00000FipmeIAB,a1G8d0000004XZSEA2
800Pv00000FipmfIAB,a1G8d0000004Xa1EAE
800Pv00000FipmgIAB,a1G8d0000004XaGEAU
800Pv00000FipmhIAB,a1G8d0000004XaLEAU
800Pv00000FipmiIAB,a1G8d0000004XauEAE
800Pv00000FipmjIAB,a1G8d0000004Xb9EAE
800Pv00000FipmkIAB,a1G8d0000004XbTEAU
800Pv00000FipmlIAB,a1G8d0000004XbnEAE
800Pv00000FipmmIAB,a1G8d0000004Xc2EAE
800Pv00000FipmnIAB,a1G8d0000004Xc7EAE
800Pv00000FipmoIAB,a1G8d0000004XcREAU
800Pv00000FipmpIAB,a1G8d0000004XcbEAE
800Pv00000FipmqIAB,a1G8d0000004XdeEAE
800Pv00000FipmrIAB,a1G8d0000004XdfEAE
800Pv00000FipmsIAB,a1G8d0000004XdyEAE
800Pv00000FipmtIAB,a1G8d0000004Xe8EAE
800Pv00000FipmuIAB,a1G8d0000004XeNEAU
800Pv00000FipmvIAB,a1G8d0000004XfGEAU
800Pv00000FipmwIAB,a1G8d0000004XffEAE
800Pv00000FipmxIAB,a1G8d0000004XfkEAE
800Pv00000FipmyIAB,a1G8d0000004Xg6EAE
800Pv00000FipmzIAB,a1G8d0000004Xg9EAE
800Pv00000Fipn0IAB,a1G8d0000004XgTEAU
800Pv00000Fipn1IAB,a1G8d0000004XgiEAE
800Pv00000Fipn2IAB,a1G8d0000004XgoEAE
800Pv00000Fipn3IAB,a1G8d0000004XgtEAE
800Pv00000Fipn4IAB,a1G8d0000004XhHEAU
800Pv00000Fipn5IAB,a1G8d0000004XhIEAU
800Pv00000Fipn6IAB,a1G8d0000004XiAEAU
800Pv00000Fipn7IAB,a1G8d0000004XiLEAU
800Pv00000Fipn8IAB,a1G8d0000004XjXEAU
800Pv00000Fipn9IAB,a1G8d0000004XjcEAE
800Pv00000FipnAIAR,a1G8d0000004XjhEAE
800Pv00000FipnBIAR,a1G8d0000004XjnEAE
800Pv00000FipnCIAR,a1G8d0000004XkkEAE
800Pv00000FipnDIAR,a1G8d0000004Xm7EAE
800Pv00000FipnEIAR,a1G8d0000004XmREAU
800Pv00000FipnFIAR,a1G8d0000004Xn0EAE
800Pv00000FipnGIAR,a1G8d0000004XnUEAU
800Pv00000FipnHIAR,a1G8d0000004c0fEAA
800Pv00000FipnIIAR,a1G8d0000004c4EEAQ
800Pv00000FipnJIAR,a1G8d0000004c51EAA
800Pv00000FipnKIAR,a1G8d0000004c6YEAQ
800Pv00000FipnLIAR,a1G8d0000004c6dEAA
800Pv00000FipnMIAR,a1G8d0000004c7gEAA
800Pv00000FipnNIAR,a1G8d0000004c81EAA
800Pv00000FipnOIAR,a1G8d0000004c8uEAA
800Pv00000FipnPIAR,a1G8d0000004cALEAY
800Pv00000FipnQIAR,a1G8d0000004cApEAI
800Pv00000FipnRIAR,a1G8d0000004cBYEAY
800Pv00000FipnSIAR,a1G8d0000004cBiEAI
800Pv00000FipnTIAR,a1G8d0000004cBnEAI
800Pv00000FipnUIAR,a1G8d0000004qa0EAA
800Pv00000FipnVIAR,a1G8d0000004qaYEAQ
800Pv00000FipnWIAR,a1G8d0000004qaiEAA
800Pv00000FipnXIAR,a1G8d0000004qasEAA
800Pv00000FipnYIAR,a1G8d0000004qaxEAA
800Pv00000FipnZIAR,a1G8d0000004qbNEAQ
800Pv00000FipnaIAB,a1G8d0000004qbREAQ
800Pv00000FipnbIAB,a1G8d0000004qcAEAQ
800Pv00000FipncIAB,a1G8d0000004qeWEAQ
800Pv00000FipndIAB,a1G8d0000004qelEAA
800Pv00000FipneIAB,a1G8d0000004qf4EAA
800Pv00000FipnfIAB,a1G8d0000004qf6EAA
800Pv00000FipngIAB,a1G8d0000004qfJEAQ
800Pv00000FipnhIAB,a1G8d0000004qfdEAA
800Pv00000FipniIAB,a1G8d0000004qgWEAQ
800Pv00000FipnjIAB,a1G8d0000004qgvEAA
800Pv00000FipnkIAB,a1G8d0000004qhFEAQ
800Pv00000Fiq3xIAB,a1G4J0000025ydmUAA
800Pv00000Fiq3yIAB,a1G4J0000025ydxUAA
800Pv00000Fiq3zIAB,a1G4J0000025yeOUAQ
800Pv00000Fiq40IAB,a1G4J0000025yfhUAA
800Pv00000Fiq41IAB,a1G4J0000025ygPUAQ
800Pv00000Fiq42IAB,a1G4J0000025ygQUAQ
800Pv00000Fiq43IAB,a1G4J0000025yh3UAA
800Pv00000Fiq44IAB,a1G4J0000025yibUAA
800Pv00000Fiq45IAB,a1G4J0000025yjFUAQ
800Pv00000Fiq46IAB,a1G4J0000025yl8UAA
800Pv00000FiqyaIAB,a1G4J0000025ytTUAQ
800Pv00000FiqybIAB,a1G4J0000025yuEUAQ
800Pv00000FiqycIAB,a1G4J0000025yuWUAQ
800Pv00000FiqydIAB,a1G4J0000025yvaUAA
800Pv00000FiqyeIAB,a1G4J0000025yx5UAA
800Pv00000FiqyfIAB,a1G4J0000025yxSUAQ
800Pv00000FiqygIAB,a1G4J0000025yxzUAA
800Pv00000FiqyhIAB,a1G4J0000025yz2UAA
800Pv00000FiqyiIAB,a1G4J0000025yz9UAA
800Pv00000FiqyjIAB,a1G4J0000025yzQUAQ
800Pv00000Fir0DIAR,a1GNz0000000vMTMAY
800Pv00000Fir0EIAR,a1GNz0000000vPhMAI
800Pv00000Fir0FIAR,a1GNz0000000vZOMAY
800Pv00000Fir0GIAR,a1GNz0000000vfrMAA
800Pv00000Fir0HIAR,a1GNz0000000vhRMAQ
800Pv00000Fir0IIAR,a1GNz0000000vsjMAA
800Pv00000Fir0JIAR,a1GNz0000000vuMMAQ
800Pv00000Fir0KIAR,a1GNz0000000w5dMAA
800Pv00000Fir0LIAR,a1GNz0000000wAVMAY
800Pv00000Fir0MIAR,a1GNz0000000wC7MAI
800Pv00000Fir0NIAR,a1GNz0000000wCAMAY
800Pv00000Fir0OIAR,a1GNz0000000wGwMAI
800Pv00000Fir0PIAR,a1GNz0000000wIYMAY
800Pv00000Fir0QIAR,a1GNz0000000wK9MAI
800Pv00000Fir0RIAR,a1GNz0000000wSEMAY
800Pv00000Fir0SIAR,a1GNz0000000wVSMAY
800Pv00000Fir0TIAR,a1GNz0000000x4xMAA
800Pv00000Fir0UIAR,a1GNz0000000x4zMAA
800Pv00000Fir0VIAR,a1GNz0000000xEcMAI
800Pv00000Fir0WIAR,a1GNz0000000xRVMAY
800Pv00000Fir0XIAR,a1GNz0000000xT9MAI
800Pv00000Fir0YIAR,a1GNz0000000xjFMAQ
800Pv00000Fir0ZIAR,a1GNz0000000xrJMAQ
800Pv00000Fir0aIAB,a1GNz0000000xw9MAA
800Pv00000Fir0bIAB,a1GNz0000000y5qMAA
800Pv00000Fir0cIAB,a1GNz0000000yAgMAI
800Pv00000Fir0dIAB,a1GNz0000000yH7MAI
800Pv00000Fir0eIAB,a1GNz0000000yH8MAI
800Pv00000Fir0fIAB,a1GNz0000000yKNMAY
800Pv00000Fir0gIAB,a1GNz0000000ygvMAA
800Pv00000Fir0hIAB,a1GNz0000000yk9MAA
800Pv00000Fir0iIAB,a1GNz0000000yllMAA
800Pv00000Fir0jIAB,a1GNz0000000ynNMAQ
800Pv00000Fir0kIAB,a1GNz0000000yqcMAA
800Pv00000Fir0lIAB,a1GNz0000000yvRMAQ
800Pv00000Fir0mIAB,a1GNz0000000z1tMAA
800Pv00000Fir0nIAB,a1GNz0000000z6kMAA
800Pv00000Fir0oIAB,a1GNz0000000zBZMAY
800Pv00000Fir0pIAB,a1GNz0000000zDBMAY
800Pv00000Fir0qIAB,a1GNz0000000zgEMAQ
800Pv00000Fir0rIAB,a1GNz0000000zgFMAQ
800Pv00000Fir0sIAB,a1GNz0000000zhqMAA
800Pv00000Fir0tIAB,a1GNz0000000zjSMAQ
800Pv00000Fir0uIAB,a1GNz0000000zrVMAQ
800Pv00000Fir0vIAB,a1GNz0000000zwLMAQ
800Pv00000Fir0wIAB,a1GNz00000010UFMAY
800Pv00000Fir0xIAB,a1GNz00000010VqMAI
800Pv00000Fir0yIAB,a1GNz00000010dtMAA
800Pv00000Fir0zIAB,a1GNz00000010naMAA
800Pv00000Fir10IAB,a1GNz00000010ysMAA
800Pv00000Fir11IAB,a1GNz000000110TMAQ
800Pv00000Fir12IAB,a1GNz00000011DPMAY
800Pv00000Fir13IAB,a1GNz00000011i4MAA
800Pv00000Fir14IAB,a1GNz00000011jeMAA
800Pv00000Fir15IAB,a1GNz00000011tKMAQ
800Pv00000Fir16IAB,a1GNz000000126EMAQ
800Pv00000Fir17IAB,a1GNz00000012B4MAI
800Pv00000Fir18IAB,a1GNz00000012J7MAI
800Pv00000Fir19IAB,a1GNz00000012MLMAY
800Pv00000Fir1AIAR,a1GNz00000015TtMAI
800Pv00000Fir1BIAR,a1GNz00000015fCMAQ
800Pv00000Fir1CIAR,a1GNz00000015iQMAQ
800Pv00000Fir1DIAR,a1GNz00000015k2MAA
800Pv00000Fir1EIAR,a1GNz00000015s5MAA
800Pv00000Fir1FIAR,a1GNz000000161lMAA
800Pv00000Fir1GIAR,a1GNz000000163OMAQ
800Pv00000Fir1HIAR,a1GNz000000164zMAA
800Pv00000Fir1IIAR,a1GNz000000168DMAQ
800Pv00000Fir1JIAR,a1GNz000000169rMAA
800Pv00000Fir1KIAR,a1GNz00000016EfMAI
800Pv00000Fir1LIAR,a1GNz00000016GHMAY
800Pv00000Fir1MIAR,a1GNz00000016GIMAY
800Pv00000Fir1NIAR,a1GNz00000016HuMAI
800Pv00000Fir1OIAR,a1GNz00000016L7MAI
800Pv00000Fir1PIAR,a1GNz00000016PyMAI
800Pv00000Fir1QIAR,a1GNz00000016UoMAI
800Pv00000Fir1RIAR,a1GNz00000016bFMAQ
800Pv00000Fir1SIAR,a1GNz00000016eUMAQ
800Pv00000Fir1TIAR,a1GNz00000016mYMAQ
800Pv00000Fir1UIAR,a1GNz00000016oAMAQ
800Pv00000Fir1VIAR,a1GNz00000016ubMAA
800Pv00000Fir1WIAR,a1GNz00000017FZMAY
800Pv00000Fir1XIAR,a1GNz00000018JhMAI
800Pv00000Fir1YIAR,a1GNz00000018LJMAY
800Pv00000Fir5UIAR,a1GNz0000019GMkMAM
800Pv00000Fir5VIAR,a1GNz0000019GPyMAM
800Pv00000Fir5WIAR,a1GNz0000019GRaMAM
800Pv00000Fir5XIAR,a1GNz0000019GWQMA2
800Pv00000Fir5YIAR,a1GNz0000019GmXMAU
800Pv00000Fir5ZIAR,a1GNz0000019GoAMAU
800Pv00000Fir5aIAB,a1GNz0000019H13MAE
800Pv00000Fir5bIAB,a1GNz0000019H98MAE
800Pv00000Fir5cIAB,a1GNz0000019HFZMA2
800Pv00000Fir5dIAB,a1GNz0000019HInMAM
800Pv00000Fir5eIAB,a1GNz0000019HIoMAM
800Pv00000Fir5fIAB,a1GNz0000019HSTMA2
800Pv00000Fir5gIAB,a1GNz0000019HU5MAM
800Pv00000Fir5hIAB,a1GNz0000019HU6MAM
800Pv00000Fir5iIAB,a1GNz0000019HVhMAM
800Pv00000Fir5jIAB,a1GNz0000019HdlMAE
800Pv00000Fir5kIAB,a1GNz0000019HibMAE
800Pv00000Fir5lIAB,a1GNz0000019HlqMAE
800Pv00000Fir5mIAB,a1GNz0000019HnSMAU
800Pv00000Fir5nIAB,a1GNz0000019HqgMAE
800Pv00000Fir5oIAB,a1GNz0000019I1yMAE
800Pv00000Fir5pIAB,a1GNz0000019IBdMAM
800Pv00000Fir5qIAB,a1GNz0000019IDFMA2
800Pv00000Fir5rIAB,a1GNz0000019IEsMAM
800Pv00000Fir5sIAB,a1GNz0000019IGTMA2
800Pv00000Fir5tIAB,a1GNz0000019II5MAM
800Pv00000Fir5uIAB,a1GNz0000019ILJMA2
800Pv00000Fir5vIAB,a1GNz0000019IQ9MAM
800Pv00000Fir5wIAB,a1GNz0000019IRmMAM
800Pv00000Fir5xIAB,a1GNz0000019IUzMAM
800Pv00000Fir5yIAB,a1GNz0000019IYDMA2
800Pv00000Fir5zIAB,a1GNz0000019IZpMAM
800Pv00000Fir60IAB,a1GNz0000019Id4MAE
800Pv00000Fir61IAB,a1GNz0000019IgHMAU
800Pv00000Fir62IAB,a1GNz0000019IgIMAU
800Pv00000Fir63IAB,a1GNz0000019IgJMAU
800Pv00000Fir64IAB,a1GNz0000019IjVMAU
800Pv00000Fir65IAB,a1GNz0000019IoLMAU
800Pv00000Fir66IAB,a1GNz0000019ItBMAU
800Pv00000Fir67IAB,a1GNz0000019Iy1MAE
800Pv00000Fir68IAB,a1GNz0000019IzdMAE
800Pv00000Fir69IAB,a1GNz0000019J65MAE
800Pv00000Fir6AIAR,a1GNz0000019J7hMAE
800Pv00000Fir6BIAR,a1GNz0000019J9JMAU
800Pv00000Fir6CIAR,a1GNz0000019JCXMA2
800Pv00000Fir6DIAR,a1GNz0000019JE9MAM
800Pv00000Fir6EIAR,a1GNz0000019JHNMA2
800Pv00000Fir6FIAR,a1GNz0000019JIzMAM
800Pv00000Fir6GIAR,a1GNz0000019JKbMAM
800Pv00000Fir6HIAR,a1GNz0000019JPRMA2
800Pv00000Fir6IIAR,a1GNz0000019JSfMAM
800Pv00000Fir6JIAR,a1GNz0000019JUHMA2
800Pv00000Fir6KIAR,a1GNz0000019JVtMAM
800Pv00000Fir6LIAR,a1GNz0000019JXVMA2
800Pv00000Fir6MIAR,a1GNz000001HFQKMA4
800Pv00000Fir6NIAR,a1GNz000001HFQLMA4
800Pv00000Fir6OIAR,a1GNz000001HI9eMAG
800Pv00000FirBFIAZ,a1G8d0000004XneEAE
800Pv00000FirBGIAZ,a1G8d0000004XnzEAE
800Pv00000FirBHIAZ,a1G8d0000004XoIEAU
800Pv00000FirBIIAZ,a1G8d0000004XocEAE
800Pv00000FirBJIAZ,a1G8d0000004XohEAE
800Pv00000FirBKIAZ,a1G8d0000004c0lEAA
800Pv00000FirBLIAZ,a1G8d0000004XoDEAU
800Pv00000FirBMIAZ,a1G8d0000004c2YEAQ
800Pv00000FirBNIAZ,a1G8d0000004c4NEAQ
800Pv00000FirBOIAZ,a1G8d0000004c4SEAQ
800Pv00000FirBPIAZ,a1G8d0000004c5kEAA
800Pv00000FirBQIAZ,a1G8d0000004c64EAA
800Pv00000FirBRIAZ,a1G8d0000004c7lEAA
800Pv00000FirBSIAZ,a1G8d0000004c9rEAA
800Pv00000FirBTIAZ,a1G8d0000004cBJEAY
800Pv00000FirBUIAZ,a1G8d0000004qbHEAQ
800Pv00000FirBVIAZ,a1G8d0000004qe1EAA
800Pv00000FirBWIAZ,a1G8d0000004qiNEAQ
800Pv00000FirBXIAZ,a1G8d0000004qjVEAQ
800Pv00000FirBYIAZ,a1G8d0000005ezLEAQ
800Pv00000FirBZIAZ,a1G8d0000005ezuEAA
800Pv00000FirBaIAJ,a1G8d0000005i2YEAQ
800Pv00000FirBbIAJ,a1G8d0000005r94EAA
800Pv00000FirBcIAJ,a1G8d0000005rDtEAI
800Pv00000FirBdIAJ,a1G8d0000005rE4EAI
800Pv00000FirBeIAJ,a1G8d0000005rFaEAI
800Pv00000FirBfIAJ,a1G8d0000005rIzEAI
800Pv00000FirBgIAJ,a1G8d0000005rPGEAY
800Pv00000FirBhIAJ,a1G8d0000005rSfEAI
800Pv00000FirBiIAJ,a1G8d0000005rTmEAI
800Pv00000FirBjIAJ,a1G8d0000005rVsEAI
800Pv00000FirBkIAJ,a1G8d00000240VBEAY
800Pv00000FirBlIAJ,a1G8d000002OmT5EAK
800Pv00000FirBmIAJ,a1G8d000002Q2SGEA0
800Pv00000FirBnIAJ,a1G8d000002Q2Z7EAK
800Pv00000FirBoIAJ,a1G8d000002Q2ZCEA0
800Pv00000FirBpIAJ,a1G8d000002Q2aKEAS
800Pv00000FirBqIAJ,a1G8d000002Q2bwEAC
800Pv00000FirBrIAJ,a1G8d000002QBS4EAO
800Pv00000FirBsIAJ,a1G8d000002QBWQEA4
800Pv00000FirBtIAJ,a1G8d000002QBarEAG
800Pv00000FirBuIAJ,a1G8d000002QBfIEAW
800Pv00000FirBvIAJ,a1G8d000002QBnqEAG
800Pv00000FirBwIAJ,a1G8d000002QBo0EAG
800Pv00000FirBxIAJ,a1GNz0000000aJjMAI
800Pv00000FirByIAJ,a1GNz0000000bMAMAY
800Pv00000FirBzIAJ,a1GNz0000000bqnMAA
800Pv00000FirC0IAJ,a1GNz0000000datMAA
800Pv00000FirJJIAZ,a1GNz000001HJX8MAO
800Pv00000FirJKIAZ,a1GNz000001HKmYMAW
800Pv00000FirJLIAZ,a1GNz000001HLHCMA4
800Pv00000FirJMIAZ,a1GNz000001HM79MAG
800Pv00000FirJNIAZ,a1GNz000001HMQAMA4
800Pv00000FirJOIAZ,a1GNz000001HNfaMAG
800Pv00000FirJPIAZ,a1GNz000001HO0XMAW
800Pv00000FirJQIAZ,a1GNz000001HO0YMAW
800Pv00000FirJRIAZ,a1GNz000001HO6zMAG
800Pv00000FirJSIAZ,a1GNz000001HO8bMAG
800Pv00000FirJTIAZ,a1GNz000001HOADMA4
800Pv00000FirJUIAZ,a1GNz000001HOBqMAO
800Pv00000FirJVIAZ,a1GNz000001HOIHMA4
800Pv00000FirJWIAZ,a1GNz000001HOIJMA4
800Pv00000FirJXIAZ,a1GNz000001HOJtMAO
800Pv00000FirJYIAZ,a1GNz000001HON8MAO
800Pv00000FirJZIAZ,a1GNz000001HOOjMAO
800Pv00000FirJaIAJ,a1GNz000001HOQLMA4
800Pv00000FirJbIAJ,a1GNz000001HOa1MAG
800Pv00000FirJcIAJ,a1GNz000001HObeMAG
800Pv00000FirJdIAJ,a1GNz000001HOdGMAW
800Pv00000FirJeIAJ,a1GNz000001HOerMAG
800Pv00000FirJfIAJ,a1GNz000001HOjhMAG
800Pv00000FirJgIAJ,a1GNz000001HOmwMAG
800Pv00000FirJhIAJ,a1GNz000001HOrlMAG
800Pv00000FirJiIAJ,a1GNz000001HOwcMAG
800Pv00000FirJjIAJ,a1GNz000001HOwdMAG
800Pv00000FirJkIAJ,a1GNz000001HP4fMAG
800Pv00000FirJlIAJ,a1GNz000001HPHZMA4
800Pv00000FirJmIAJ,a1GNz000001HPKnMAO
800Pv00000FirJnIAJ,a1GNz000001HPMPMA4
800Pv00000FirJoIAJ,a1GNz000001HPO1MAO
800Pv00000FirJpIAJ,a1GNz000001HPPdMAO
800Pv00000FirJqIAJ,a1GNz000001HPRFMA4
800Pv00000FirJrIAJ,a1GNz000001HPSrMAO
800Pv00000FirJsIAJ,a1GNz000001HPW5MAO
800Pv00000FirJtIAJ,a1GNz000001HPhNMAW
800Pv00000FirJuIAJ,a1GNz000001HPmDMAW
800Pv00000FirJvIAJ,a1GNz000001HPvtMAG
800Pv00000FirJwIAJ,a1GNz000001HPxVMAW
800Pv00000FirJxIAJ,a1GNz000001HPz8MAG
800Pv00000FirJyIAJ,a1GNz000001HPzAMAW
800Pv00000FirJzIAJ,a1GNz000001HQ7BMAW
800Pv00000FirK0IAJ,a1GNz000001HQ8nMAG
800Pv00000FirK1IAJ,a1GNz000001HQAPMA4
800Pv00000FirK2IAJ,a1GNz000001HQITMA4
800Pv00000FirK3IAJ,a1GNz000001HQK5MAO
800Pv00000FirK4IAJ,a1GNz000001HQLhMAO
800Pv00000FirK5IAJ,a1GNz000001HQNJMA4
800Pv00000FirK6IAJ,a1GNz000001HQOvMAO
800Pv00000FirK7IAJ,a1GNz000001HQVPMA4
800Pv00000FirK8IAJ,a1GNz000001HQqLMAW
800Pv00000FirK9IAJ,a1GNz000001HQrxMAG
800Pv00000FirKAIAZ,a1GNz000001HQvBMAW
800Pv00000FirKBIAZ,a1GNz000001HRCxMAO
800Pv00000FirKCIAZ,a1GNz000001HRGAMA4
800Pv00000FirKDIAZ,a1GNz000001HRRSMA4
800Pv00000FirKEIAZ,a1GNz000001HReMMAW
800Pv00000FirKFIAZ,a1GNz000001HS2XMAW
800Pv00000FirKGIAZ,a1GNz000001HSAdMAO
800Pv00000FirKHIAZ,a1GNz000001HSLtMAO
800Pv00000FirKIIAZ,a1GNz000001HTOQMA4
800Pv00000FirKJIAZ,a1GNz000001HTxtMAG
800Pv00000FirKKIAZ,a1GNz000001HTzVMAW
800Pv00000FirKLIAZ,a1GNz000001HU4LMAW
800Pv00000FirKMIAZ,a1GNz000001HU7ZMAW
800Pv00000FirKNIAZ,a1GNz000001HUE1MAO
800Pv00000FirKOIAZ,a1GNz000002WQXhMAO
800Pv00000Firw3IAB,a1G4J0000025yzbUAA
800Pv00000Firw4IAB,a1G4J0000025z0fUAA
800Pv00000Firw5IAB,a1G4J0000025z0hUAA
800Pv00000Firw6IAB,a1G4J0000025z22UAA
800Pv00000Firw7IAB,a1G4J0000025z2IUAQ
800Pv00000Firw8IAB,a1G4J0000025z38UAA
800Pv00000Firw9IAB,a1G4J0000025z4cUAA
800Pv00000FirwAIAR,a1G4J0000025z6pUAA
800Pv00000FirwBIAR,a1G4J0000025z7ZUAQ
800Pv00000FirwCIAR,a1G4J0000025z7uUAA
800Pv00000FiskDIAR,a1GNz000002t6AtMAI
800Pv00000FiskEIAR,a1GNz000002t6E7MAI
800Pv00000FiskFIAR,a1GNz000002t7BkMAI
800Pv00000FiskGIAR,a1GNz000002t7K0MAI
800Pv00000FiskHIAR,a1GNz000002t7MIMAY
800Pv00000FiskIIAR,a1GNz000002t7UOMAY
800Pv00000FiskJIAR,a1GNz000002t7UPMAY
800Pv00000FiskKIAR,a1GNz000002t7UQMAY
800Pv00000FiskLIAR,a1GNz000002t7URMAY
800Pv00000FiskMIAR,a1GNz000002t7WlMAI
800Pv00000FiskNIAR,a1GNz000002t7z0MAA
800Pv00000FiskOIAR,a1GNz000002t8QRMAY
800Pv00000FiskPIAR,a1GNz000002t8gYMAQ
800Pv00000FiskQIAR,a1GNz000002t8z5MAA
800Pv00000FiskRIAR,a1GNz000002t9HfMAI
800Pv00000FiskSIAR,a1GNz000002t9fqMAA
800Pv00000FiskTIAR,a1GNz000002t9hTMAQ
800Pv00000FiskUIAR,a1GNz000002tA1kMAE
800Pv00000FiskVIAR,a1GNz000002tBRWMA2
800Pv00000FiskWIAR,a1GNz000002tBheMAE
800Pv00000FiskXIAR,a1GNz000002tBuZMAU
800Pv00000FiskYIAR,a1GNz000002tBwAMAU
800Pv00000FiskZIAR,a1GNz000002tC2cMAE
800Pv00000FiskaIAB,a1GNz000002tCc6MAE
800Pv00000FiskbIAB,a1GNz000002tDUGMA2
800Pv00000FiskcIAB,a1GNz000002tDUHMA2
800Pv00000FiskdIAB,a1GNz000002tDaiMAE
800Pv00000FiskeIAB,a1GNz000002tDimMAE
800Pv00000FiskfIAB,a1GNz000002tDoIMAU
800Pv00000FiskgIAB,a1GNz000002tDwMMAU
800Pv00000FiskhIAB,a1GNz000002tE5MMAU
800Pv00000FiskiIAB,a1GNz000002tE8aMAE
800Pv00000FiskjIAB,a1GNz000002tEkLMAU
800Pv00000FiskkIAB,a1GNz000002tElxMAE
800Pv00000FisklIAB,a1GNz000002tEnZMAU
800Pv00000FiskmIAB,a1GNz000002tEpBMAU
800Pv00000FisknIAB,a1GNz000002tExFMAU
800Pv00000FiskoIAB,a1GNz000002tEyrMAE
800Pv00000FiskpIAB,a1GNz000002tF0TMAU
800Pv00000FiskqIAB,a1GNz000002tF25MAE
800Pv00000FiskrIAB,a1GNz000002tF3hMAE
800Pv00000FisksIAB,a1GNz000002tF8XMAU
800Pv00000FisktIAB,a1GNz000002tFA9MAM
800Pv00000FiskuIAB,a1GNz000002tFBlMAM
800Pv00000FiskvIAB,a1GNz000002tFDNMA2
800Pv00000FiskwIAB,a1GNz000002tFEzMAM
800Pv00000FiskxIAB,a1GNz000002tFGbMAM
800Pv00000FiskyIAB,a1GNz000002tFIDMA2
800Pv00000FiskzIAB,a1GNz000002tFJpMAM
800Pv00000Fisl0IAB,a1GNz000002tFN3MAM
800Pv00000Fisl1IAB,a1GNz000002tFN4MAM
800Pv00000Fisl2IAB,a1GNz000002tFRtMAM
800Pv00000Fisl3IAB,a1GNz000002tFV7MAM
800Pv00000Fisl4IAB,a1GNz000002tFdBMAU
800Pv00000Fisl5IAB,a1GNz000002tFenMAE
800Pv00000Fisl6IAB,a1GNz000002tFgPMAU
800Pv00000Fisl7IAB,a1GNz000002tFi1MAE
800Pv00000Fisl8IAB,a1GNz000002tFlFMAU
800Pv00000Fisl9IAB,a1GNz000002tFmrMAE
800Pv00000FislAIAR,a1GNz000002tFq5MAE
800Pv00000FislBIAR,a1GNz000002tFrhMAE
800Pv00000FislCIAR,a1GNz000002tFtJMAU
800Pv00000FislDIAR,a1GNz000002tFuvMAE
800Pv00000FislEIAR,a1GNz000002tG2zMAE
800Pv00000FislFIAR,a1GNz000002tG6DMAU
800Pv00000FislGIAR,a1GNz000002tG9RMAU
800Pv00000FislHIAR,a1GNz000002tGB3MAM
800Pv00000FislIIAR,a1GNz000002tGCfMAM
800Pv00000FislJIAR,a1GNz000002tGEHMA2
800Pv00000FislKIAR,a1GNz000002tGFtMAM
800Pv00000FislLIAR,a1GNz000002tGHVMA2
800Pv00000FislMIAR,a1GNz000002tGJ7MAM
800Pv00000FislNIAR,a1GNz000002tGKjMAM
800Pv00000FislOIAR,a1GNz000002tGNxMAM
800Pv00000FislPIAR,a1GNz000002tGPZMA2
800Pv00000FislQIAR,a1G4J0000025vSDUAY
800Pv00000FislRIAR,a1G4J0000025wJZUAY
800Pv00000FislSIAR,a1G4J0000025wUKUAY
800Pv00000FislTIAR,a1G4J0000025wVrUAI
800Pv00000FislUIAR,a1G4J0000025wd3UAA
800Pv00000FislVIAR,a1G4J0000025wiIUAQ
800Pv00000FislWIAR,a1G4J0000025wifUAA
800Pv00000FislXIAR,a1G4J0000025wpMUAQ
800Pv00000FislYIAR,a1G4J0000025wrtUAA
800Pv00000FislZIAR,a1G4J0000025wsfUAA
800Pv00000FislaIAB,a1G4J0000025wtcUAA
800Pv00000FislbIAB,a1G4J0000025wu7UAA
800Pv00000FislcIAB,a1G4J0000025wuWUAQ
800Pv00000FitMlIAJ,a1G4J0000025zHxUAI
800Pv00000FitMmIAJ,a1G4J0000025zIYUAY
800Pv00000FitMnIAJ,a1G4J0000025zIZUAY
800Pv00000FitMoIAJ,a1G4J0000025zIoUAI
800Pv00000FitMpIAJ,a1G4J0000025zJJUAY
800Pv00000FitMqIAJ,a1G4J0000025zJmUAI
800Pv00000FitMrIAJ,a1G4J0000025zKeUAI
800Pv00000FitMsIAJ,a1G4J0000025zMKUAY
800Pv00000FitMtIAJ,a1G4J0000025zMRUAY
800Pv00000FitMuIAJ,a1G4J0000025zMfUAI
800Pv00000FiuaZIAR,a1G4J0000025ySLUAY
800Pv00000FiuaaIAB,a1G4J0000025ySuUAI
800Pv00000FiuabIAB,a1G4J0000025ySwUAI
800Pv00000FiuacIAB,a1G4J0000025yT2UAI
800Pv00000FiuadIAB,a1G4J0000025yT6UAI
800Pv00000FiuaeIAB,a1G4J0000025yVlUAI
800Pv00000FiuafIAB,a1G4J0000025yVrUAI
800Pv00000FiuagIAB,a1G4J0000025yWaUAI
800Pv00000FiuahIAB,a1G4J0000025yY0UAI
800Pv00000FiuaiIAB,a1G4J0000025yY1UAI
800Pv00000FiuicIAB,a1G4J000004jyvWUAQ
800Pv00000FiuidIAB,a1G8d0000004D69EAE
800Pv00000FiuieIAB,a1G8d0000004D7IEAU
800Pv00000FiuifIAB,a1G8d0000004D7pEAE
800Pv00000FiuigIAB,a1G8d0000004D84EAE
800Pv00000FiuihIAB,a1G8d0000004D8EEAU
800Pv00000FiuiiIAB,a1G8d0000004D8dEAE
800Pv00000FiuijIAB,a1G8d0000004D8xEAE
800Pv00000FiuikIAB,a1G8d0000004D9rEAE
800Pv00000FiuilIAB,a1G8d0000004DAzEAM
800Pv00000Fiw1JIAR,a1G4J0000025taZUAQ
800Pv00000Fiw1KIAR,a1G4J0000025uo2UAA
800Pv00000Fiw1LIAR,a1G4J0000025uxnUAA
800Pv00000Fiw1MIAR,a1G4J0000025vtsUAA
800Pv00000Fiw1NIAR,a1G4J0000025vu3UAA
800Pv00000Fiw1OIAR,a1G4J0000025wFFUAY
800Pv00000Fiw1PIAR,a1G4J0000025wY1UAI
800Pv00000Fiw1QIAR,a1G4J0000025wd4UAA
800Pv00000Fiw1RIAR,a1G4J0000025wddUAA
800Pv00000Fiw1SIAR,a1G4J0000025wlzUAA
800Pv00000Fiw1TIAR,a1G4J0000025wovUAA
800Pv00000Fiw1UIAR,a1G4J0000025wsqUAA
800Pv00000Fiw1VIAR,a1G4J0000025wuaUAA
800Pv00000Fiw1WIAR,a1G4J0000025wznUAA
800Pv00000Fiw1XIAR,a1G4J0000025x03UAA
800Pv00000Fiw1YIAR,a1G4J0000025x08UAA
800Pv00000Fiw1ZIAR,a1G4J0000025x22UAA
800Pv00000Fiw1aIAB,a1G4J0000025x34UAA
800Pv00000Fiw1bIAB,a1G4J0000025x37UAA
800Pv00000Fiw1cIAB,a1G4J0000025x4zUAA
800Pv00000Fiw1dIAB,a1G4J0000025x7YUAQ
800Pv00000Fiw1eIAB,a1G4J0000025x8KUAQ
800Pv00000Fiw1fIAB,a1G4J0000025xHTUAY
800Pv00000Fiw1gIAB,a1G4J0000025xK9UAI
800Pv00000Fiw1hIAB,a1G4J0000025xMFUAY
800Pv00000Fiw1iIAB,a1G4J0000025xOhUAI
800Pv00000Fiw1jIAB,a1G4J0000025xOmUAI
800Pv00000Fiw1kIAB,a1G4J0000025xS2UAI
800Pv00000Fiw1lIAB,a1G4J0000025xTLUAY
800Pv00000Fiw1mIAB,a1G4J0000025xTnUAI
800Pv00000Fiw1nIAB,a1G4J0000025xX7UAI
800Pv00000Fiw1oIAB,a1G4J0000025xbXUAQ
800Pv00000Fiw1pIAB,a1G4J0000025xfFUAQ
800Pv00000Fiw1qIAB,a1G4J0000025xfjUAA
800Pv00000Fiw1rIAB,a1G4J0000025xgpUAA
800Pv00000Fiw1sIAB,a1G4J0000025xj2UAA
800Pv00000Fiw1tIAB,a1G4J0000025xjbUAA
800Pv00000Fiw1uIAB,a1G4J0000025xl8UAA
800Pv00000Fiw1vIAB,a1G4J0000025xooUAA
800Pv00000Fiw1wIAB,a1G4J0000025xqfUAA
800Pv00000Fiw1xIAB,a1G4J0000025xsUUAQ
800Pv00000Fiw1yIAB,a1G4J0000025xshUAA
800Pv00000Fiw1zIAB,a1G4J0000025xugUAA
800Pv00000Fiw20IAB,a1G4J0000025xvDUAQ
800Pv00000Fiw21IAB,a1G4J0000025xw8UAA
800Pv00000Fiw22IAB,a1G4J0000025xwmUAA
800Pv00000Fiw23IAB,a1G4J0000025xxzUAA
800Pv00000Fiw24IAB,a1G4J0000025xyBUAQ
800Pv00000Fiw25IAB,a1G4J0000025xzBUAQ
800Pv00000Fiw26IAB,a1G4J0000025y0GUAQ
800Pv00000Fiw27IAB,a1G4J0000025y0hUAA
800Pv00000Fiw28IAB,a1G4J0000025y1PUAQ
800Pv00000Fiw29IAB,a1G4J0000025y2NUAQ
800Pv00000Fiw2AIAR,a1G4J0000025y2kUAA
800Pv00000Fiw2BIAR,a1G4J0000025y3LUAQ
800Pv00000Fiw2CIAR,a1G4J0000025y43UAA
800Pv00000Fiw2DIAR,a1G4J0000025y4VUAQ
800Pv00000Fiw2EIAR,a1G4J0000025y5NUAQ
800Pv00000Fiw2FIAR,a1G4J0000025y6XUAQ
800Pv00000Fiw2GIAR,a1G4J0000025y7PUAQ
800Pv00000Fiw2HIAR,a1G4J0000025y8AUAQ
800Pv00000Fiw2IIAR,a1G4J0000025y8pUAA
800Pv00000Fiw2JIAR,a1G4J0000025y9iUAA
800Pv00000Fiw2KIAR,a1G4J0000025yApUAI
800Pv00000Fiw2LIAR,a1G4J0000025yBFUAY
800Pv00000Fiw2MIAR,a1G4J0000025yBnUAI
800Pv00000Fiw2NIAR,a1G4J0000025yBpUAI
800Pv00000Fiw2OIAR,a1G4J0000025yC0UAI
800Pv00000Fiw2PIAR,a1G4J0000025yC4UAI
800Pv00000Fiw2QIAR,a1G4J0000025yCKUAY
800Pv00000Fiw2RIAR,a1G4J0000025yCZUAY
800Pv00000Fiw2SIAR,a1G4J0000025yDQUAY
800Pv00000Fiw2TIAR,a1G4J0000025yDsUAI
800Pv00000Fiw2UIAR,a1G4J0000025yFlUAI
800Pv00000Fiw2VIAR,a1G4J0000025yHNUAY
800Pv00000Fiw2WIAR,a1G4J0000025yHaUAI
800Pv00000Fiw2XIAR,a1G4J0000025yHgUAI
800Pv00000Fiw2YIAR,a1G4J0000025yHyUAI
800Pv00000Fiw2ZIAR,a1G4J0000025yIBUAY
800Pv00000Fiw2aIAB,a1G4J0000025yLwUAI
800Pv00000Fiw2bIAB,a1G4J0000025yM2UAI
800Pv00000Fiw2cIAB,a1G4J0000025yMyUAI
800Pv00000Fiw2dIAB,a1G4J0000025yNEUAY
800Pv00000Fiw2eIAB,a1G4J0000025yNrUAI
800Pv00000Fiw2fIAB,a1G4J0000025yOPUAY
800Pv00000Fiw2gIAB,a1G4J0000025yOgUAI
800Pv00000Fiw2hIAB,a1G4J0000025yPTUAY
800Pv00000Fiw2iIAB,a1G4J0000025yPnUAI
800Pv00000Fiw2jIAB,a1G4J0000025yPrUAI
800Pv00000Fiw2kIAB,a1G4J0000025yQ9UAI
800Pv00000Fiw2lIAB,a1G4J0000025yQHUAY
800Pv00000Fiw2mIAB,a1G4J0000025yQJUAY
800Pv00000Fiw2nIAB,a1G4J0000025yQMUAY
800Pv00000Fiw2oIAB,a1G4J0000025yQZUAY
800Pv00000Fiw2pIAB,a1G4J0000025yRPUAY
800Pv00000Fiw2qIAB,a1G4J0000025yRhUAI
800Pv00000Fiw8AIAR,a1G4J0000025yYhUAI
800Pv00000Fiw8BIAR,a1G4J0000025yZKUAY
800Pv00000Fiw8CIAR,a1G4J0000025yZYUAY
800Pv00000Fiw8DIAR,a1G4J0000025yZlUAI
800Pv00000Fiw8EIAR,a1G4J0000025yZpUAI
800Pv00000Fiw8FIAR,a1G4J0000025ya8UAA
800Pv00000Fiw8GIAR,a1G4J0000025yaPUAQ
800Pv00000Fiw8HIAR,a1G4J0000025ybOUAQ
800Pv00000Fiw8IIAR,a1G4J0000025ybgUAA
800Pv00000Fiw8JIAR,a1G4J0000025ydTUAQ
800Pv00000Fiw9JIAR,a1GNz0000019EZTMA2
800Pv00000Fiw9KIAR,a1GNz0000019EZUMA2
800Pv00000Fiw9LIAR,a1GNz0000019EfuMAE
800Pv00000Fiw9MIAR,a1GNz0000019EkkMAE
800Pv00000Fiw9NIAR,a1GNz0000019EmNMAU
800Pv00000Fiw9OIAR,a1GNz0000019ErCMAU
800Pv00000Fiw9PIAR,a1GNz0000019FTuMAM
800Pv00000Fiw9QIAR,a1GNz0000019FX8MAM
800Pv00000Fiw9RIAR,a1GNz0000019FwwMAE
800Pv00000Fiw9SIAR,a1GNz0000019FyZMAU
800Pv00000Fiw9TIAR,a1GNz0000019G8EMAU
800Pv00000Fiw9UIAR,a1GNz0000019GD4MAM
800Pv00000Fiw9VIAR,a1GNz0000019GHuMAM
800Pv00000FiwW0IAJ,a1G4J0000025yI8UAI
800Pv00000FiwW1IAJ,a1G4J0000025yIHUAY
800Pv00000FiwW2IAJ,a1G4J0000025yIyUAI
800Pv00000FiwW3IAJ,a1G4J0000025yK5UAI
800Pv00000FiwW4IAJ,a1G4J0000025yKFUAY
800Pv00000FiwW5IAJ,a1G4J0000025yKnUAI
800Pv00000FiwW6IAJ,a1G4J0000025yKpUAI
800Pv00000FiwW7IAJ,a1G4J0000025yL6UAI
800Pv00000FiwW8IAJ,a1G4J0000025yLBUAY
800Pv00000FiwW9IAJ,a1G4J0000025yMJUAY
800Pv00000FixLVIAZ,a1GNz00000018efMAA
800Pv00000FixLWIAZ,a1GNz0000019Ah9MAE
800Pv00000FixLXIAZ,a1GNz0000019DQWMA2
800Pv00000FixLYIAZ,a1GNz0000019DWyMAM
800Pv00000FixLZIAZ,a1GNz0000019DohMAE
800Pv00000FixLaIAJ,a1GNz0000019FbyMAE
800Pv00000FixLbIAJ,a1GNz0000019FyYMAU
800Pv00000FixLcIAJ,a1GNz0000019G0AMAU
800Pv00000FixLdIAJ,a1GNz0000019GGHMA2
800Pv00000FixLeIAJ,a1GNz0000019GGJMA2
800Pv00000FixLfIAJ,a1GNz0000019GkyMAE
800Pv00000FixLgIAJ,a1GNz0000019GrNMAU
800Pv00000FixLhIAJ,a1GNz0000019GszMAE
800Pv00000FixLiIAJ,a1GNz0000019GwDMAU
800Pv00000FixLjIAJ,a1GNz0000019GxpMAE
800Pv00000FixLkIAJ,a1GNz0000019GzRMAU
800Pv00000FixLlIAJ,a1GNz0000019H4HMAU
800Pv00000FixLmIAJ,a1GNz0000019H5tMAE
800Pv00000FixLnIAJ,a1GNz0000019HAlMAM
800Pv00000FixLoIAJ,a1GNz0000019HHBMA2
800Pv00000FixLpIAJ,a1GNz0000019Hc9MAE
800Pv00000FixLqIAJ,a1GNz0000019HfOMAU
800Pv00000FixLrIAJ,a1GNz0000019HgzMAE
800Pv00000FixLsIAJ,a1GNz0000019IErMAM
800Pv00000FixLtIAJ,a1GNz0000019IRlMAM
800Pv00000FixLuIAJ,a1GNz0000019IpxMAE
800Pv00000FixLvIAJ,a1GNz0000019IunMAE
800Pv00000FixLwIAJ,a1GNz0000019JMDMA2
800Pv00000FixLxIAJ,a1GNz0000019JR3MAM
800Pv00000FixLyIAJ,a1GNz000001HIXvMAO
800Pv00000FixLzIAJ,a1GNz000001HJk6MAG
800Pv00000FixM0IAJ,a1GNz000001HLqgMAG
800Pv00000FixM1IAJ,a1GNz000001HMhuMAG
800Pv00000FixM2IAJ,a1GNz000001HMoMMAW
800Pv00000FixM3IAJ,a1GNz000001HMraMAG
800Pv00000FixM4IAJ,a1GNz000001HMtDMAW
800Pv00000FixM5IAJ,a1GNz000001HNUIMA4
800Pv00000FixM6IAJ,a1GNz000001HNpHMAW
800Pv00000FixM7IAJ,a1GNz000001HO5OMAW
800Pv00000FixM8IAJ,a1GNz000001HO70MAG
800Pv00000FixM9IAJ,a1GNz000001HOBpMAO
800Pv00000FixMAIAZ,a1GNz000001HOF3MAO
800Pv00000FixMBIAZ,a1GNz000001HOLVMA4
800Pv00000FixMCIAZ,a1GNz000001HOVBMA4
800Pv00000FixMDIAZ,a1GNz000001HObdMAG
800Pv00000FixMEIAZ,a1GNz000001HOdFMAW
800Pv00000FixMFIAZ,a1GNz000001HOtNMAW
800Pv00000FixMGIAZ,a1GNz000001HOuzMAG
800Pv00000FixMHIAZ,a1GNz000001HOv1MAG
800Pv00000FixMIIAZ,a1GNz000001HP1UMAW
800Pv00000FixMJIAZ,a1GNz000001HP6HMAW
800Pv00000FixMKIAZ,a1GNz000001HPB7MAO
800Pv00000FixMLIAZ,a1GNz000001HPCjMAO
800Pv00000FixMMIAZ,a1GNz000001HPELMA4
800Pv00000FixMNIAZ,a1GNz000001HPZJMA4
800Pv00000FixMOIAZ,a1GNz000001HPz7MAG
800Pv00000FixMPIAZ,a1GNz000001HQn7MAG
800Pv00000FixMQIAZ,a1GNz000001HRHlMAO
800Pv00000FixMRIAZ,a1GNz000001HRHmMAO
800Pv00000FixMSIAZ,a1GNz000001HRZWMA4
800Pv00000FixMTIAZ,a1GNz000001HRcjMAG
800Pv00000FixMUIAZ,a1GNz000001HReNMAW
800Pv00000FixMVIAZ,a1GNz000001HRhZMAW
800Pv00000FixMWIAZ,a1GNz000001HRknMAG
800Pv00000FixMXIAZ,a1GNz000001HTwHMAW
800Pv00000FixMYIAZ,a1GNz000001ygBuMAI
800Pv00000FixMZIAZ,a1GNz000002uZQAMA2
800Pv00000FixMaIAJ,a1GNz000002uaXVMAY
800Pv00000FixMbIAJ,a1GNz000002uaZ7MAI
800Pv00000FixMcIAJ,a1GNz000002uaajMAA
800Pv00000FixMdIAJ,a1GNz000002uacLMAQ
800Pv00000FixMeIAJ,a1GNz000002uadxMAA
800Pv00000FixMfIAJ,a1GNz000002uafZMAQ
800Pv00000FixMgIAJ,a1G4J0000025yMFUAY
800Pv00000Fixv1IAB,a1G4J000004jutIUAQ
800Pv00000Fixv2IAB,a1G4J000004juu1UAA
800Pv00000Fixv3IAB,a1G4J000004juuLUAQ
800Pv00000Fixv4IAB,a1G4J000004juuWUAQ
800Pv00000Fixv5IAB,a1G4J000004juviUAA
800Pv00000Fixv6IAB,a1G4J000004juvnUAA
800Pv00000Fixv7IAB,a1G4J000004juw7UAA
800Pv00000Fixv8IAB,a1G4J000004juxjUAA
800Pv00000Fixv9IAB,a1G4J000004jyfyUAA
800Pv00000FixvAIAR,a1G4J000004jygRUAQ
800Pv00000Fiy9WIAR,a1G8d0000004DBSEA2
800Pv00000Fiy9XIAR,a1G8d0000004DBiEAM
800Pv00000Fiy9YIAR,a1G8d0000004DBmEAM
800Pv00000Fiy9ZIAR,a1G8d0000004DCHEA2
800Pv00000Fiy9aIAB,a1G8d0000004DCVEA2
800Pv00000Fiy9bIAB,a1G8d0000004DCpEAM
800Pv00000Fiy9cIAB,a1G8d0000004DCuEAM
800Pv00000Fiy9dIAB,a1G8d0000004DDVEA2
800Pv00000Fiy9eIAB,a1G8d0000004DDdEAM
800Pv00000Fiy9fIAB,a1G8d0000004DDnEAM
800Pv00000FiyO2IAJ,a1G4J0000025z8KUAQ
800Pv00000FiyO3IAJ,a1G4J0000025zBjUAI
800Pv00000FiyO4IAJ,a1G4J0000025zCDUAY
800Pv00000FiyO5IAJ,a1G4J0000025zDpUAI
800Pv00000FiyO6IAJ,a1G4J0000025zFCUAY
800Pv00000FiyO7IAJ,a1G4J0000025zFkUAI
800Pv00000FiyO8IAJ,a1G4J0000025zH4UAI
800Pv00000FiyO9IAJ,a1G4J0000025zHDUAY
800Pv00000FiyOAIAZ,a1G4J0000025zHQUAY
800Pv00000FiyOBIAZ,a1G4J0000025zHpUAI
800Pv00000FiyOCIAZ,a1G4J0000025zV3UAI
800Pv00000FiyODIAZ,a1G4J0000025zV4UAI
800Pv00000FiyOEIAZ,a1G4J0000025ze3UAA
800Pv00000FiyOFIAZ,a1G4J0000025zeOUAQ
800Pv00000FiyOGIAZ,a1G4J0000025zi1UAA
800Pv00000FiyOHIAZ,a1G4J0000025zmvUAA
800Pv00000FiyOIIAZ,a1G4J0000025zpCUAQ
800Pv00000FiyOJIAZ,a1G4J00000260OdUAI
800Pv00000FiyOKIAZ,a1G4J00000262euUAA
800Pv00000FiyOLIAZ,a1G4J00000262hSUAQ
800Pv00000Fiyr3IAB,a1G4J0000025yS9UAI
800Pv00000Fiyr4IAB,a1G4J0000025ySAUAY
800Pv00000Fiyr5IAB,a1G4J0000025yTHUAY
800Pv00000Fiyr6IAB,a1G4J0000025yUsUAI
800Pv00000Fiyr7IAB,a1G4J0000025yV1UAI
800Pv00000Fiyr8IAB,a1G4J0000025yVWUAY
800Pv00000Fiyr9IAB,a1G4J0000025yW2UAI
800Pv00000FiyrAIAR,a1G4J0000025yWOUAY
800Pv00000FiyrBIAR,a1G4J0000025yWuUAI
800Pv00000FiyrCIAR,a1G4J0000025yXxUAI
800Pv00000FiyrDIAR,a1G4J0000025yY8UAI
800Pv00000FiyrEIAR,a1G4J0000025yYBUAY
800Pv00000FiyrFIAR,a1G4J0000025yZFUAY
800Pv00000FiyrGIAR,a1G4J0000025yZbUAI
800Pv00000FiyrHIAR,a1G4J0000025yaqUAA
800Pv00000FiyrIIAR,a1G4J0000025ybtUAA
800Pv00000FiyrJIAR,a1G4J0000025yc6UAA
800Pv00000FiyrKIAR,a1G4J0000025ycYUAQ
800Pv00000FiyrLIAR,a1G4J0000025ycvUAA
800Pv00000FiyrMIAR,a1G4J0000025ydvUAA
800Pv00000FiyrNIAR,a1G4J0000025yeZUAQ
800Pv00000FiyrOIAR,a1G4J0000025yfNUAQ
800Pv00000FiyrPIAR,a1G4J0000025ygUUAQ
800Pv00000FiyrQIAR,a1G4J0000025ygYUAQ
800Pv00000FiyrRIAR,a1G4J0000025ygpUAA
800Pv00000FiyrSIAR,a1G4J0000025yh9UAA
800Pv00000FiyrTIAR,a1G4J0000025yiXUAQ
800Pv00000FiyrUIAR,a1G4J0000025yifUAA
800Pv00000FiyrVIAR,a1G4J0000025yjeUAA
800Pv00000FiyrWIAR,a1G4J0000025yk8UAA
800Pv00000FiyrXIAR,a1G4J0000025ykiUAA
800Pv00000FiyrYIAR,a1G4J0000025ylWUAQ
800Pv00000FiyrZIAR,a1G4J0000025yleUAA
800Pv00000FiyraIAB,a1G4J0000025yoBUAQ
800Pv00000FiyrbIAB,a1G4J0000025yqTUAQ
800Pv00000FiyrcIAB,a1G4J0000025yrZUAQ
800Pv00000FiyrdIAB,a1G4J0000025ys6UAA
800Pv00000FiyreIAB,a1G4J0000025ysnUAA
800Pv00000FiyrfIAB,a1G4J0000025ytHUAQ
800Pv00000FiyrgIAB,a1G4J0000025yu3UAA
800Pv00000FiyrhIAB,a1G4J0000025yvQUAQ
800Pv00000FiyriIAB,a1G4J0000025yvyUAA
800Pv00000FiyrjIAB,a1G4J0000025ywpUAA
800Pv00000FiyrkIAB,a1G4J0000025yyIUAQ
800Pv00000FiyrlIAB,a1G4J0000025z0YUAQ
800Pv00000FiyrmIAB,a1G4J0000025z2TUAQ
800Pv00000FiyrnIAB,a1G4J0000025z3hUAA
800Pv00000FiyroIAB,a1G4J0000025z52UAA
800Pv00000FiyrpIAB,a1G4J0000025z69UAA
800Pv00000FiyrqIAB,a1G4J0000025z6mUAA
800Pv00000FiyrrIAB,a1G4J0000025z75UAA
800Pv00000FiyrsIAB,a1G4J0000025z8xUAA
800Pv00000FiyrtIAB,a1G4J0000025zB9UAI
800Pv00000FiyruIAB,a1G4J0000025zBUUAY
800Pv00000FiyrvIAB,a1G4J0000025zC0UAI
800Pv00000FiyrwIAB,a1G4J0000025zHBUAY
800Pv00000FiyrxIAB,a1G4J0000025zHeUAI
800Pv00000FiyryIAB,a1G4J0000025zK9UAI
800Pv00000FiyrzIAB,a1G4J0000025zKIUAY
800Pv00000Fiys0IAB,a1G4J0000025zKPUAY
800Pv00000Fiys1IAB,a1G4J0000025zMHUAY
800Pv00000Fiys2IAB,a1G4J0000025zMnUAI
800Pv00000Fiys3IAB,a1G4J0000025zNIUAY
800Pv00000Fiys4IAB,a1G4J0000025zO7UAI
800Pv00000Fiys5IAB,a1G4J0000025zQ6UAI
800Pv00000Fiys6IAB,a1G4J0000025zRnUAI
800Pv00000Fiys7IAB,a1G4J0000025zT3UAI
800Pv00000Fiys8IAB,a1G4J0000025zTlUAI
800Pv00000Fiys9IAB,a1G4J0000025zWdUAI
800Pv00000FiysAIAR,a1G4J0000025zaZUAQ
800Pv00000FiysBIAR,a1G4J0000025zbgUAA
800Pv00000FiysCIAR,a1G4J0000025zelUAA
800Pv00000FiysDIAR,a1G4J0000025zgAUAQ
800Pv00000FiysEIAR,a1G4J0000025zgyUAA
800Pv00000FiysFIAR,a1G4J0000025zh5UAA
800Pv00000FiysGIAR,a1G4J0000025znvUAA
800Pv00000FiysHIAR,a1G4J0000025zonUAA
800Pv00000FiysIIAR,a1G4J0000025zpPUAQ
800Pv00000FiysJIAR,a1G4J0000025zs3UAA
800Pv00000FiysKIAR,a1G4J0000025ztBUAQ
800Pv00000FiysLIAR,a1G4J0000025zuxUAA
800Pv00000FiysMIAR,a1G4J0000025zvzUAA
800Pv00000FiysNIAR,a1G4J0000025zwzUAA
800Pv00000FiysOIAR,a1G4J0000025zx5UAA
800Pv00000FiysPIAR,a1G4J0000025zyiUAA
800Pv00000FiysQIAR,a1G4J0000025zyuUAA
800Pv00000FiysRIAR,a1G4J0000025zz9UAA
800Pv00000FiysSIAR,a1G4J0000026008UAA
800Pv00000FiysTIAR,a1G4J000002601GUAQ
800Pv00000FiysUIAR,a1G4J000002608HUAQ
800Pv00000FiysVIAR,a1G4J00000260CCUAY
800Pv00000FiysWIAR,a1G4J00000260CtUAI
800Pv00000FiysXIAR,a1G4J00000260IzUAI
800Pv00000FiysYIAR,a1G4J00000260QTUAY
800Pv00000FiysZIAR,a1G4J00000260dKUAQ
800Pv00000FiysaIAB,a1G4J00000261u1UAA
800Pv00000FiysbIAB,a1G4J00000262ZYUAY
800Pv00000FiyscIAB,a1G4J00000262eKUAQ
800Pv00000FiysdIAB,a1G4J00000262f6UAA
800Pv00000FiyseIAB,a1G4J00000262hZUAQ
800Pv00000FiysfIAB,a1G4J00000262iRUAQ
800Pv00000FiyuHIAR,a1GNz0000000zI1MAI
800Pv00000FiyuIIAR,a1GNz0000000zOTMAY
800Pv00000FiyuJIAR,a1GNz0000000zRhMAI
800Pv00000FiyuKIAR,a1GNz000000101BMAQ
800Pv00000FiyuLIAR,a1GNz0000001061MAA
800Pv00000FiyuMIAR,a1GNz000000107eMAA
800Pv00000FiyuNIAR,a1GNz00000010AsMAI
800Pv00000FiyuOIAR,a1GNz00000010HLMAY
800Pv00000FiyuPIAR,a1GNz00000010PNMAY
800Pv00000FiyuQIAR,a1GNz00000010UDMAY
800Pv00000FiyuRIAR,a1GNz00000010afMAA
800Pv00000FiyuSIAR,a1GNz00000010cIMAQ
800Pv00000FiyuTIAR,a1GNz00000010h8MAA
800Pv00000FiyuUIAR,a1GNz00000010sQMAQ
800Pv00000FiyuVIAR,a1GNz00000011BlMAI
800Pv00000FiyuWIAR,a1GNz00000011JpMAI
800Pv00000FiyuXIAR,a1GNz00000011LTMAY
800Pv00000FiyuYIAR,a1GNz00000011LUMAY
800Pv00000FiyuZIAR,a1GNz00000011V7MAI
800Pv00000FiyuaIAB,a1GNz00000011lGMAQ
800Pv00000FiyubIAB,a1GNz00000011uvMAA
800Pv00000FiyucIAB,a1GNz000000121NMAQ
800Pv00000FiyudIAB,a1GNz000000126DMAQ
800Pv00000FiyueIAB,a1GNz000000127pMAA
800Pv00000FiyufIAB,a1GNz00000012B3MAI
800Pv00000FiyugIAB,a1GNz00000012NxMAI
800Pv00000FiyxVIAR,a1G8d0000004qihEAA
800Pv00000FiyxWIAR,a1G8d0000004qimEAA
800Pv00000FiyxXIAR,a1G8d0000004qj1EAA
800Pv00000FiyxYIAR,a1G8d0000004qjQEAQ
800Pv00000FiyxZIAR,a1G8d0000004qjaEAA
800Pv00000FiyxaIAB,a1G8d0000004ql2EAA
800Pv00000FiyxbIAB,a1G8d0000004ql8EAA
800Pv00000FiyxcIAB,a1G8d0000004qm0EAA
800Pv00000FiyxdIAB,a1G8d0000004qmGEAQ
800Pv00000FiyxeIAB,a1G8d0000004qmPEAQ
800Pv00000FiyxfIAB,a1G8d0000004qmoEAA
800Pv00000FiyxgIAB,a1G8d0000004qnrEAA
800Pv00000FiyxhIAB,a1G8d0000004qo1EAA
800Pv00000FiyxiIAB,a1G8d0000004qrLEAQ
800Pv00000FiyxjIAB,a1G8d0000005rTDEAY
800Pv00000FiyxkIAB,a1G8d00000240UhEAI
800Pv00000FiyxlIAB,a1G8d000002QBOYEA4
800Pv00000FiyxmIAB,a1G8d000002QBb6EAG
800Pv00000FiyxnIAB,a1G8d000002QBbQEAW
800Pv00000FiyxoIAB,a1G8d000002QBcdEAG
800Pv00000FiyxpIAB,a1G8d000002QBf9EAG
800Pv00000FiyxqIAB,a1G8d000002QBfXEAW
800Pv00000FiyxrIAB,a1G8d000002QBgVEAW
800Pv00000FiyxsIAB,a1G8d000002QBngEAG
800Pv00000FiyxtIAB,a1GNz0000000ZygMAE
800Pv00000FiyxuIAB,a1GNz0000000a9yMAA
800Pv00000FiyxvIAB,a1GNz0000000aRiMAI
800Pv00000FiyxwIAB,a1GNz0000000amgMAA
800Pv00000FiyxxIAB,a1GNz0000000bh8MAA
800Pv00000FiyxyIAB,a1GNz0000000cRtMAI
800Pv00000FiyxzIAB,a1GNz0000000cWnMAI
800Pv00000Fiyy0IAB,a1GNz0000000cuvMAA
800Pv00000Fiyy1IAB,a1GNz0000000dasMAA
800Pv00000Fiyy2IAB,a1GNz0000000dqzMAA
800Pv00000Fiyy3IAB,a1GNz0000000vBBMAY
800Pv00000Fiyy4IAB,a1GNz0000000vCoMAI
800Pv00000FizC1IAJ,a1G4J0000025wudUAA
800Pv00000FizC2IAJ,a1G4J0000025wxQUAQ
800Pv00000FizC3IAJ,a1G4J0000025wxVUAQ
800Pv00000FizC4IAJ,a1G4J0000025wyCUAQ
800Pv00000FizC5IAJ,a1G4J0000025wyOUAQ
800Pv00000FizC6IAJ,a1G4J0000025wyQUAQ
800Pv00000FizC7IAJ,a1G4J0000025wz2UAA
800Pv00000FizC8IAJ,a1G4J0000025x0FUAQ
800Pv00000FizC9IAJ,a1G4J0000025x0wUAA
800Pv00000FizCAIAZ,a1G4J0000025x11UAA
800Pv00000FizCBIAZ,a1G4J0000025x19UAA
800Pv00000FizCCIAZ,a1G4J0000025x1wUAA
800Pv00000FizCDIAZ,a1G4J0000025x29UAA
800Pv00000FizCEIAZ,a1G4J0000025x2GUAQ
800Pv00000FizCFIAZ,a1G4J0000025x2XUAQ
800Pv00000FizCGIAZ,a1G4J0000025x3CUAQ
800Pv00000FizCHIAZ,a1G4J0000025x4tUAA
800Pv00000FizCIIAZ,a1G4J0000025x67UAA
800Pv00000FizCJIAZ,a1G4J0000025x6YUAQ
800Pv00000FizCKIAZ,a1G4J0000025x7eUAA
800Pv00000FizCLIAZ,a1G4J0000025xD7UAI
800Pv00000FizCMIAZ,a1G4J0000025xGHUAY
800Pv00000FizCNIAZ,a1G4J0000025xHUUAY
800Pv00000FizCOIAZ,a1G4J0000025xI9UAI
800Pv00000FizCPIAZ,a1G4J0000025xIKUAY
800Pv00000FizCQIAZ,a1G4J0000025xIYUAY
800Pv00000FizCRIAZ,a1G4J0000025xJlUAI
800Pv00000FizCSIAZ,a1G4J0000025xJuUAI
800Pv00000FizCTIAZ,a1G4J0000025xLbUAI
800Pv00000FizCUIAZ,a1G4J0000025xN2UAI
800Pv00000FizCVIAZ,a1G4J0000025xOTUAY
800Pv00000FizCWIAZ,a1G4J0000025xU8UAI
800Pv00000FizCXIAZ,a1G4J0000025xVNUAY
800Pv00000FizCYIAZ,a1G4J0000025xXeUAI
800Pv00000FizCZIAZ,a1G4J0000025xckUAA
800Pv00000FizCaIAJ,a1G4J0000025xdCUAQ
800Pv00000FizCbIAJ,a1G4J0000025xe1UAA
800Pv00000FizCcIAJ,a1G4J0000025xfiUAA
800Pv00000FizCdIAJ,a1G4J0000025xj9UAA
800Pv00000FizCeIAJ,a1G4J0000025xkJUAQ
800Pv00000FizCfIAJ,a1G4J0000025xmOUAQ
800Pv00000FizCgIAJ,a1G4J0000025xnFUAQ
800Pv00000FizChIAJ,a1G4J0000025xpIUAQ
800Pv00000FizCiIAJ,a1G4J0000025xpjUAA
800Pv00000FizCjIAJ,a1G4J0000025xqwUAA
800Pv00000FizCkIAJ,a1G4J0000025xrBUAQ
800Pv00000FizClIAJ,a1G4J0000025xsmUAA
800Pv00000FizCmIAJ,a1G4J0000025xtBUAQ
800Pv00000FizCnIAJ,a1G4J0000025xtoUAA
800Pv00000FizCoIAJ,a1G4J0000025xuBUAQ
800Pv00000FizCpIAJ,a1G4J0000025xwSUAQ
800Pv00000FizCqIAJ,a1G4J0000025xwrUAA
800Pv00000FizCrIAJ,a1G4J0000025xx7UAA
800Pv00000FizCsIAJ,a1G4J0000025xxMUAQ
800Pv00000FizCtIAJ,a1G4J0000025xy4UAA
800Pv00000FizCuIAJ,a1G4J0000025xyKUAQ
800Pv00000FizCvIAJ,a1G4J0000025xyOUAQ
800Pv00000FizCwIAJ,a1G4J0000025xz5UAA
800Pv00000FizCxIAJ,a1G4J0000025xzIUAQ
800Pv00000FizCyIAJ,a1G4J0000025y06UAA
800Pv00000FizCzIAJ,a1G4J0000025y0aUAA
800Pv00000FizD0IAJ,a1G4J0000025y1WUAQ
800Pv00000FizD1IAJ,a1G4J0000025y2XUAQ
800Pv00000FizD2IAJ,a1G4J0000025y2pUAA
800Pv00000FizD3IAJ,a1G4J0000025y3DUAQ
800Pv00000FizD4IAJ,a1G4J0000025y4CUAQ
800Pv00000FizD5IAJ,a1G4J0000025y56UAA
800Pv00000FizD6IAJ,a1G4J0000025y57UAA
800Pv00000FizD7IAJ,a1G4J0000025y5IUAQ
800Pv00000FizD8IAJ,a1G4J0000025y5YUAQ
800Pv00000FizD9IAJ,a1G4J0000025y5cUAA
800Pv00000FizDAIAZ,a1G4J0000025y6NUAQ
800Pv00000FizDBIAZ,a1G4J0000025y6jUAA
800Pv00000FizDCIAZ,a1G4J0000025y8jUAA
800Pv00000FizDDIAZ,a1G4J0000025y93UAA
800Pv00000FizDEIAZ,a1G4J0000025y9AUAQ
800Pv00000FizDFIAZ,a1G4J0000025y9CUAQ
800Pv00000FizDGIAZ,a1G4J0000025yADUAY
800Pv00000FizDHIAZ,a1G4J0000025yBAUAY
800Pv00000FizDIIAZ,a1G4J0000025yCdUAI
800Pv00000FizQXIAZ,a1G4J0000025zN4UAI
800Pv00000FizQYIAZ,a1G4J0000025zNMUAY
800Pv00000FizQZIAZ,a1G4J0000025zNaUAI
800Pv00000FizQaIAJ,a1G4J0000025zNdUAI
800Pv00000FizQbIAJ,a1G4J0000025zRTUAY
800Pv00000FizQcIAJ,a1G4J0000025zRYUAY
800Pv00000FizQdIAJ,a1G4J0000025zSdUAI
800Pv00000FizQeIAJ,a1G4J0000025zTWUAY
800Pv00000FizQfIAJ,a1G4J0000025zUhUAI
800Pv00000FizQgIAJ,a1G4J0000025zUyUAI
800Pv00000FizTlIAJ,a1G4J000004jyhKUAQ
800Pv00000FizTmIAJ,a1G4J000004jyhpUAA
800Pv00000FizTnIAJ,a1G4J000004jyicUAA
800Pv00000FizToIAJ,a1G4J000004jyjHUAQ
800Pv00000FizTpIAJ,a1G4J000004jyoWUAQ
800Pv00000FizTqIAJ,a1G4J000004jyq2UAA
800Pv00000FizTrIAJ,a1G4J000004jyrzUAA
800Pv00000FizTsIAJ,a1G4J000004jys0UAA
800Pv00000FizTtIAJ,a1G4J000004jys8UAA
800Pv00000FizTuIAJ,a1G4J000004jysNUAQ
800Pv00000FkNx3IAF,a1GPv00000OVbe2MAD
800Pv00000FlfaBIAR,a1G4J0000025vEWUAY
800Pv00000FmFtmIAF,a1GPv00000NrNBbMAN
800Pv00000FpmJmIAJ,a1GPv00000NrNBbMAN
800Pv00000Fq0XyIAJ,a1G4J0000025zqkUAA
800Pv00000FtH3KIAV,a1GPv00000NrNBbMAN
800Pv00000FtPgJIAV,a1GNz0000000wooMAA
800Pv00000FtQkQIAV,a1GPv00000P8MZdMAN
800Pv00000FwNJGIA3,a1GPv00000PN4LUMA1
800Pv00000FwYqMIAV,a1G4J0000025zpDUAQ
800Pv00000FwdEuIAJ,a1G4J0000025zZ4UAI
800Pv00000G0CpbIAF,a1G4J0000025x3OUAQ
800Pv00000G0EeUIAV,a1G4J0000025x2sUAA
800Pv00000G0GmlIAF,a1G4J0000025x0JUAQ
800Pv00000G0JpRIAV,a1G4J0000025wlvUAA
800Pv00000G3UoNIAV,a1G4J0000025wZkUAI
800Pv00000GHhc5IAD,a1G4J0000025zA9UAI
800Pv00000GHhc6IAD,a1G4J0000025zHYUAY
800Pv00000GHhc7IAD,a1G4J0000025zIiUAI
800Pv00000GHhc8IAD,a1G4J0000025zNZUAY
800Pv00000GHhc9IAD,a1G4J0000025zUFUAY
800Pv00000GHhcAIAT,a1G4J0000025zUjUAI
800Pv00000GHhcBIAT,a1G4J0000025zanUAA
800Pv00000GHhcCIAT,a1G4J00000260PXUAY
800Pv00000GHhcDIAT,a1G4J00000262qpUAA
800Pv00000GHhcEIAT,a1G4J00000262toUAA
800Pv00000GHhcFIAT,a1G4J00000262zOUAQ
800Pv00000GHhcGIAT,a1G4J000002634RUAQ
800Pv00000GHhcHIAT,a1G4J000004jusUUAQ
800Pv00000GHhcIIAT,a1G4J000004juwRUAQ
800Pv00000GHhcJIAT,a1G4J000004juxBUAQ
800Pv00000GHhcKIAT,a1G4J000004jypxUAA
800Pv00000GHhcLIAT,a1G8d0000004D97EAE
800Pv00000GHhcMIAT,a1G8d0000004DC7EAM
800Pv00000GHhcNIAT,a1G8d0000004DG8EAM
800Pv00000GHhcOIAT,a1G8d0000004DLIEA2
800Pv00000GHhcPIAT,a1G8d0000004XfpEAE
800Pv00000GHhcQIAT,a1G8d0000004XgAEAU
800Pv00000GHhcRIAT,a1G8d0000004Xj3EAE
800Pv00000GHhcSIAT,a1G8d0000004qlbEAA
800Pv00000GHhcTIAT,a1G8d0000004qnIEAQ
800Pv00000GHhcUIAT,a1G8d0000005rNFEAY
800Pv00000GHhcVIAT,a1GNz0000000cVAMAY
800Pv00000GHjigIAD,a1GNz0000000wteMAA
800Pv00000GHjihIAD,a1GNz0000000xL4MAI
800Pv00000GHjiiIAD,a1GNz0000000xTBMAY
800Pv00000GHjijIAD,a1GNz0000000xuYMAQ
800Pv00000GHjikIAD,a1GNz0000000yXFMAY
800Pv00000GHjilIAD,a1GNz0000000z57MAA
800Pv00000GHjimIAD,a1GNz0000000z8LMAQ
800Pv00000GHjinIAD,a1GNz0000000zGPMAY
800Pv00000GHjioIAD,a1GNz00000010nZMAQ
800Pv00000GHjipIAD,a1GNz000000118XMAQ
800Pv00000GHjiqIAD,a1GNz00000011DNMAY
800Pv00000GHjirIAD,a1GNz00000011uxMAA
800Pv00000GHjisIAD,a1GNz00000012nlMAA
800Pv00000GHjitIAD,a1GNz00000015gnMAA
800Pv00000GHjiuIAD,a1GNz00000015iPMAQ
800Pv00000GHjivIAD,a1GNz00000017InMAI
800Pv00000GHjiwIAD,a1GNz00000017M1MAI
800Pv00000GHjixIAD,a1GNz00000017kDMAQ
800Pv00000GHjiyIAD,a1GNz00000018TNMAY
800Pv00000GHjizIAD,a1GNz00000018bRMAQ
800Pv00000GHjj0IAD,a1GNz000000SQVpMAO
800Pv00000GHjj1IAD,a1GNz0000019G51MAE
800Pv00000GHjj2IAD,a1GNz0000019HfNMAU
800Pv00000GHjj3IAD,a1GNz0000019HlpMAE
800Pv00000GHnUZIA1,a1GNz000000172fMAA
800Pv00000GHnUaIAL,a1GNz000002tE3kMAE
800Pv00000GHnuMIAT,a1G4J000002631XUAQ
800Pv00000GHnuNIAT,a1G8d0000004bbHEAQ
800Pv00000GHnuOIAT,a1G8d0000004gUYEAY
800Pv00000GHnuPIAT,a1G8d0000004gXhEAI
800Pv00000GHnuQIAT,a1G8d0000004gXmEAI
800Pv00000GHnuRIAT,a1G8d0000005BaREAU
800Pv00000GHoX9IAL,a1G4J0000025vMXUAY
800Pv00000GHoXAIA1,a1G4J0000025wSEUAY
800Pv00000GHoXBIA1,a1G4J0000025wTyUAI
800Pv00000GHoXCIA1,a1G4J0000025wVQUAY
800Pv00000GHoXDIA1,a1G4J0000025wpNUAQ
800Pv00000GHoXEIA1,a1G4J0000025wxoUAA
800Pv00000GHoXFIA1,a1G4J0000025wzBUAQ
800Pv00000GHoXGIA1,a1G4J0000025x1bUAA
800Pv00000GHoXHIA1,a1G4J0000025x25UAA
800Pv00000GHoXIIA1,a1G4J0000025x2RUAQ
800Pv00000GHoXJIA1,a1G4J0000025x2ZUAQ
800Pv00000GHoXKIA1,a1G4J0000025x2fUAA
800Pv00000GHoXLIA1,a1G4J0000025x44UAA
800Pv00000GHoXMIA1,a1G4J0000025x4jUAA
800Pv00000GHoXNIA1,a1G4J0000025x79UAA
800Pv00000GHoXOIA1,a1G4J0000025xJCUAY
800Pv00000GHoXPIA1,a1G4J0000025xKUUAY
800Pv00000GHoXQIA1,a1G4J0000025xQTUAY
800Pv00000GHoXRIA1,a1G4J0000025xSwUAI
800Pv00000GHoXSIA1,a1G4J0000025xblUAA
800Pv00000GHoXTIA1,a1G4J0000025xcPUAQ
800Pv00000GHoXUIA1,a1G4J0000025xgJUAQ
800Pv00000GHoXVIA1,a1G4J0000025xigUAA
800Pv00000GHoXWIA1,a1G4J0000025xrYUAQ
800Pv00000GHoXXIA1,a1G4J0000025xsOUAQ
800Pv00000GHoXYIA1,a1G4J0000025xswUAA
800Pv00000GHoXZIA1,a1G4J0000025xtfUAA
800Pv00000GHoXaIAL,a1G4J0000025xvfUAA
800Pv00000GHoXbIAL,a1G4J0000025xvhUAA
800Pv00000GHoXcIAL,a1G4J0000025xyFUAQ
800Pv00000GHoXdIAL,a1G4J0000025y0YUAQ
800Pv00000GHoXeIAL,a1G4J0000025y1aUAA
800Pv00000GHoXfIAL,a1G4J0000025y2mUAA
800Pv00000GHoXgIAL,a1G4J0000025y31UAA
800Pv00000GHoXhIAL,a1G4J0000025y5PUAQ
800Pv00000GHoXiIAL,a1G4J0000025y5vUAA
800Pv00000GHoXjIAL,a1G4J0000025y92UAA
800Pv00000GHoXkIAL,a1G4J0000025yBuUAI
800Pv00000GHoXlIAL,a1G4J0000025yC2UAI
800Pv00000GHoXmIAL,a1G4J0000025yDHUAY
800Pv00000GHoXnIAL,a1G4J0000025yEOUAY
800Pv00000GHoXoIAL,a1G4J0000025yGsUAI
800Pv00000GHoXpIAL,a1G4J0000025yJPUAY
800Pv00000GHoXqIAL,a1G4J0000025yKEUAY
800Pv00000GHoXrIAL,a1G4J0000025yMGUAY
800Pv00000GHoXsIAL,a1G4J0000025yMUUAY
800Pv00000GHoXtIAL,a1G4J0000025yNKUAY
800Pv00000GHoXuIAL,a1G4J0000025yNvUAI
800Pv00000GHoXvIAL,a1G4J0000025yPVUAY
800Pv00000GHoXwIAL,a1G4J0000025yPgUAI
800Pv00000GHoXxIAL,a1G4J0000025yQ3UAI
800Pv00000GHoXyIAL,a1G4J0000025yS5UAI
800Pv00000GHoXzIAL,a1G4J0000025yX7UAI
800Pv00000GHoY0IAL,a1G4J0000025yXXUAY
800Pv00000GHoY1IAL,a1G4J0000025yYzUAI
800Pv00000GHoY2IAL,a1G4J0000025yZ1UAI
800Pv00000GHoY3IAL,a1G4J0000025ycGUAQ
800Pv00000GHoY4IAL,a1G4J0000025ydXUAQ
800Pv00000GHoY5IAL,a1G4J0000025ydZUAQ
800Pv00000GHoY6IAL,a1G4J0000025ynTUAQ
800Pv00000GHoY7IAL,a1G4J0000025yo8UAA
800Pv00000GHoY8IAL,a1G4J0000025yuwUAA
800Pv00000GHoY9IAL,a1G4J0000025yy7UAA
800Pv00000GHoYAIA1,a1G4J0000025z2nUAA
800Pv00000GHoYBIA1,a1G4J0000025z8mUAA
800Pv00000GHpmTIAT,a1GNz000001HQ2LMAW
800Pv00000GHpmUIAT,a1GNz000001HRCvMAO
800Pv00000GHpmVIAT,a1GNz000002t7iTMAQ
800Pv00000GHpmWIAT,a1GNz000002tFoTMAU
800Pv00000GHpmXIAT,a1G4J0000025w00UAA
800Pv00000GHpmYIAT,a1G4J0000025wN9UAI
800Pv00000GHpmZIAT,a1G4J0000025wVaUAI
800Pv00000GHpmaIAD,a1G4J0000025wbcUAA
800Pv00000GHpmbIAD,a1G4J0000025x0cUAA
800Pv00000GHpmcIAD,a1G4J0000025x1iUAA
800Pv00000GHpmdIAD,a1G4J0000025x2mUAA
800Pv00000GHpmeIAD,a1G4J0000025xF5UAI
800Pv00000GHpo5IAD,a1G4J0000025xbLUAQ
800Pv00000GHpo6IAD,a1G4J0000025xfvUAA
800Pv00000GHpo7IAD,a1G4J0000025zEJUAY
800Pv00000GHpo8IAD,a1G4J0000025zGkUAI
800Pv00000GHpo9IAD,a1G4J0000025zb1UAA
800Pv00000GHpoAIAT,a1G4J00000262IhUAI
800Pv00000GHq0zIAD,a1GNz000000wIPZMA2
800Pv00000GJ1YqIAL,a1G4J0000025wZkUAI
800Pv00000GJDq3IAH,a1G4J0000025wbpUAA
800Pv00000GJQLrIAP,a1G4J0000025wxoUAA
800Pv00000GJZQiIAP,a1G4J0000025wtYUAQ
800Pv00000GJaMlIAL,a1G4J0000025wzrUAA
800Pv00000GJaOLIA1,a1G4J0000025wg2UAA
800Pv00000GJaeUIAT,a1G4J0000025wrLUAQ
800Pv00000GJbM3IAL,a1G4J0000025wtKUAQ
800Pv00000GJdUJIA1,a1G4J0000025wq7UAA
800Pv00000GJhuUIAT,a1G4J0000025wrLUAQ
800Pv00000GOgZaIAL,a1G4J0000025wpMUAQ
800Pv00000GQCojIAH,a1G4J0000025wq7UAA
800Pv00000GQR3NIAX,a1G4J0000025wlqUAA
800Pv00000GQo82IAD,a1G8d00000240VzEAI
800Pv00000GRdIgIAL,a1G4J0000025wq7UAA
800Pv00000GRerQIAT,a1G4J0000025wlqUAA
800Pv00000H0EHMIA3,a1G4J0000025x5dUAA
800Pv00000H0PUWIA3,a1G4J0000025xAJUAY
800Pv00000H0njhIAB,a1G4J0000025x7JUAQ
800Pv00000H3WxeIAF,a1G4J0000025x5SUAQ
800Pv00000H3YOMIA3,a1G4J0000025x6YUAQ
800Pv00000HaQK3IAN,a1G4J0000025xAmUAI
800Pv00000HabfGIAR,a1G4J0000025x9LUAQ
800Pv00000IEJq7IAH,a1G4J0000025xBaUAI