"salesforce_unit_id","discardedpmsreference"
"a1G4J0000025tU7UAI","103168001001"
"a1G4J0000025tVtUAI","103336078001"
"a1G4J0000025u8DUAQ","104566001002"
"a1G4J0000025uErUAI","104350004004"
"a1G4J0000025vftUAA","900002100003"
"a1G4J0000025wy1UAA","222584001004"
"a1G4J0000025x0JUAQ","122486014004"
"a1G4J0000025x0wUAA","122486009004"
"a1G4J0000025x1GUAQ","122486038003"
"a1G4J0000025x5QUAQ","127057081001"
"a1G4J0000025x6gUAA","122601026006"
"a1G4J0000025xEWUAY","127057094001"
"a1G4J0000025xFXUAY","127057205007"
"a1G4J0000025xFhUAI","127166001001"
"a1G4J0000025xFwUAI","127057116001"
"a1G4J0000025xI9UAI","222580017003"
"a1G4J0000025xXqUAI","127483072002"
"a1G4J0000025xe1UAA","222606005002"
"a1G4J0000025xfjUAA","222661036001"
"a1G4J0000025xheUAA","222531002001"
"a1G4J0000025xnnUAA","222581076003"
"a1G4J0000025xoHUAQ","222577002001"
"a1G4J0000025xpPUAQ","222578111004"
"a1G4J0000025xpjUAA","222521044005"
"a1G4J0000025xxMUAQ","222489030003"
"a1G4J0000025xzqUAA","222521035004"
"a1G4J0000025y06UAA","222488030003"
"a1G4J0000025y09UAA","222489038004"
"a1G4J0000025y0aUAA","222649026002"
"a1G4J0000025y0zUAA","222629068004"
"a1G4J0000025y1JUAQ","222521008004"
"a1G4J0000025y2tUAA","222521014001"
"a1G4J0000025y30UAA","222522003005"
"a1G4J0000025y4CUAQ","222611007003"
"a1G4J0000025y5bUAA","217371015006"
"a1G4J0000025y6NUAQ","222488066008"
"a1G4J0000025y75UAA","222521059003"
"a1G4J0000025y7iUAA","222652030002"
"a1G4J0000025yAiUAI","222629021002"
"a1G4J0000025yBQUAY","222659069002"
"a1G4J0000025yD7UAI","222648149003"
"a1G4J0000025yFdUAI","222522002003"
"a1G4J0000025yItUAI","222522101003"
"a1G4J0000025yIyUAI","222648102002"
"a1G4J0000025yKEUAY","217371025007"
"a1G4J0000025yKFUAY","217371104004"
"a1G4J0000025yKXUAY","222643043003"
"a1G4J0000025yLBUAY","222580046003"
"a1G4J0000025yN1UAI","222583094004"
"a1G4J0000025yQ3UAI","222650003004"
"a1G4J0000025yQaUAI","222580036002"
"a1G4J0000025yV2UAI","222652088003"
"a1G4J0000025yVkUAI","222631034002"
"a1G4J0000025yVyUAI","222580003002"
"a1G4J0000025yYMUAY","222652006004"
"a1G4J0000025yYhUAI","222659075001"
"a1G4J0000025yYjUAI","418553004003"
"a1G4J0000025yZ2UAI","317667001001"
"a1G4J0000025ydXUAQ","222648036003"
"a1G4J0000025ydxUAA","222648032003"
"a1G4J0000025yitUAA","222579004001"
"a1G4J0000025ymhUAA","222583021004"
"a1G4J0000025ynfUAA","222631002007"
"a1G4J0000025yoqUAA","222578131007"
"a1G4J0000025yrOUAQ","222578135003"
"a1G4J0000025yvaUAA","222578062007"
"a1G4J0000025z1aUAA","418537036001"
"a1G4J0000025z43UAA","222630007004"
"a1G4J0000025z7ZUAQ","222630173002"
"a1G4J0000025zBjUAI","222630074003"
"a1G4J0000025zHQUAY","222630020003"
"a1G4J0000025zIiUAI","222630051004"
"a1G4J0000025zNMUAY","222630180003"
"a1G4J0000025zTWUAY","222630216004"
"a1G4J0000025zcWUAQ","418537035001"
"a1G4J0000025zejUAA","418581003003"
"a1G4J0000025zrRUAQ","418576042003"
"a1G4J0000025zuZUAQ","418570005001"
"a1G4J000002602HUAQ","418549023004"
"a1G4J00000260BEUAY","418645003004"
"a1G4J00000260KMUAY","900002005002"
"a1G4J00000262l0UAA","317463001002"
"a1G4J00000262veUAA","317565004005"
"a1G4J000002635ZUAQ","317585041003"
"a1G4J000004jjDuUAI","122489021001"
"a1G4J000004jusPUAQ","222664015003"
"a1G4J000004jyhKUAQ","222666050002"
"a1G4J000004jylcUAA","222668049003"
"a1G4J000004jylvUAA","222666084004"
"a1G8d0000004D6cEAE","222678001004"
"a1G8d0000004D7uEAE","222677001003"
"a1G8d0000004D8EEAU","222677002002"
"a1G8d0000004D8xEAE","222677005001"
"a1G8d0000004DCHEA2","222677023001"
"a1G8d0000004DFoEAM","222677045003"
"a1G8d0000004DJ2EAM","222676093002"
"a1G8d0000004MeEEAU","222653003001"
"a1G8d0000004XcIEAU","222683106001"
"a1G8d0000004gXmEAI","127690001001"
"a1G8d0000004qk9EAA","222700028001"
"a1G8d0000005r6eEAA","222708129001"
"a1G8d0000005rHlEAI","222708207001"
"a1G8d000002Q2aAEAS","222741019001"
"a1G8d000002QBLEEA4","222737201001"
"a1G8d000002QBQDEA4","222744075001"
"a1G8d000002QBWVEA4","222737010002"
"a1GNz0000000bh7MAA","222748056001"
"a1GNz0000000bsPMAQ","222749006001"
"a1GNz00000011A9MAI","222760031001"
