PMS_Reference__c,Tenancy__r:Contract:PMS_Reference__c
103086025001,103086011001
105099038006,105099012005
109989083001,109989030001
109989088001,109989005001
109989089001,109989049001
109989090001,109989054001
109989094001,109989007001
111885001001,111867208003
114351001002,103180002002
122486104002,122486064003
122486106005,122486100005
127057200002,217371081002
127057205008,217371006005
127057237008,217371052005
127057240003,217371017002
127484006002,127483074001
222491029005,222490014006
222491050003,222488027005
222491097004,222486001002
222491160006,222488076004
222491162001,222488071001
222491165004,222487058002
222491166004,222490009006
222515011003,222515002002
222517013001,222517005003
222517015002,222517007002
222518003001,222534001001
222520082003,222521062005
222520085002,222520020003
222520099002,222520063003
222520104003,222520017007
222522071002,222522011002
222522077004,222522049005
222522101005,222522009004
222545002001,222545001002
222546002001,222546001004
222549002002,222549001004
222549003002,222549001004
222553002001,222553001003
222583001005,222578045005
222583004006,222578084004
222583029002,222578059001
222583051003,222579123004
222583063004,222579066007
222583067009,222579034003
222583069005,222579098005
222583077003,222579005004
222583083002,222579107004
222583098002,222580095001
222583131005,222581064004
222583137004,222581040001
222594010001,222594001001
222594011001,222594001001
222594012001,222594002001
222594023001,222594009005
222594024001,222594009005
222595002001,222595001002
222595003001,222595001002
222597002002,222597001003
222597003003,222597001003
222599001004,222611006004
222600002001,222600001001
222600003001,222600001001
222601030001,222601001002
222601043001,222601010002
222601044001,222601010002
222601050001,222601013003
222601053001,222601016004
222601054001,222601016004
222601055002,222601017003
222601056002,222601017003
222601065001,222601023004
222601066001,222601023004
222601070002,222601027003
222601071002,222601027003
222601072002,222601028003
222601073002,222601028003
222629003005,222623023002
222629032004,222624040005
222629047003,222624060003
222629054005,222624014004
222629059003,222623022005
222629061004,222623007002
222629063003,222623027003
222629076004,222623115006
222631015003,222630184003
222631041004,222630157002
222640010002,222639049004
222640018002,222639099002
222640046002,222639080002
222640083004,222639117003
222652001001,222650088001
222652006005,222650005003
222652022003,222649057004
222652027002,222649042002
222652030003,222649070002
222652043003,222649060002
222652055002,222650086002
222652088003,222648106003
222652090003,222648092003
222652102003,222648184003
222661017003,222659103004
222668034002,222666035002
222668043002,222666144003
222685006003,222683132002
222685023001,222683165001
222685041002,222683193002
222685047002,222683149002
222685055001,222683035001
222689010002,222686078002
222697033001,222695019001
222697043001,222730001001
222697044001,222700008001
222697048001,222695007001
222697049002,222695020001
222697055001,222700019001
222697056004,222700005001
222697058001,222700003001
222710011001,222708007001
222710028001,222708050001
222710032001,222708006003
222710038001,222708222002
222710052002,222708105003
222710054003,222708157002
222710091001,222708095001
222710108001,222708249001
222710155001,222708047001
222737033002,222737019001
222737179001,222737118002
222739013001,222737247001
222739015001,222737032001
222739016001,222737129001
222739036001,222737220001
222739040001,222737227001
222743001001,222741076001
222743006002,222741097001
222743011001,222741003001
222743020002,222741059001
222743022002,222741015001
222743025001,222741025001
222748001001,222749105001
222748013001,222749290001
222748014001,222749050002
222748019001,222749022001
222748045001,222749131001
222748060001,222749236001
222748064002,222749104002
222748065001,222749061002
222748067001,222749049001
222748070001,222749052001
222749033001,222749030001
222756007001,222753064001
222756008001,222753063001
222756016001,222752171002
222756044002,222752079004
222760030001,222758277002
222760033001,222758197001
222794002001,222792199001
222794007001,222792057001
317351143001,317351009002
317351147002,317351054003
317356006002,317352030002
317356032002,317352108001
317356036003,317352108001
317356046002,317352030002
317356056002,317352030002
317682024002,317677007007
317682045001,317675002006
317682050001,317674010001
418537035001,418538026006
418537036001,418538046003
418549062003,418549042003
418549065004,418549043004
418574049002,418574027003
418578113002,418578033006
418639002002,418634009003
418639010001,418634010004
418639014002,418635002003
418639022002,418637002004
418639023001,418636004002
418639026001,418638001002
418639032001,418638008002
418639034001,418638010001
418639037001,418636010001
418639041001,418636018004
418639042001,418636019004
418639045001,418636024001
418639047001,418636027004
418639049001,418636031003
418639054001,418637020003
418639056001,418637019002
418639062001,418637009002
418639065001,418637013001
418639066001,418637016004
418639067001,418637001003
418645153001,418645084001
418645158001,418645093001
900003010003,127483079001
900003022002,900002130001
900003027003,127483065001