"PMS_Reference__c","Tenancy__r:Contract:PMS_Reference__c"
"103086019001","103086002002"
"103086020002","103086003002"
"103086021001","103086009002"
"103086022002","103086013003"
"103086024001","103086010002"
"103086025001","103086011001"
"104223016005","104223004002"
"104455027003","104455019002"
"104455038002","104455002002"
"104721043005","104721033002"
"104722098001","104722001001"
"105099038006","105099012005"
"105099058001","105099023002"
"105099060004","105099020004"
"105099064002","105099033004"
"105099070003","105099006003"
"108954003001","108894001004"
"108954005001","108896001005"
"108954006001","108897001002"
"108954008001","108899001003"
"108954009001","108900001002"
"108954011001","108902001004"
"108954012001","108903001002"
"109788060002","109788055001"
"109788068002","109788052002"
"109989081001","109989027001"
"109989082001","109989034001"
"109989085001","109989031001"
"109989089001","109989049001"
"109989091001","109989056001"
"109989093001","109989127001"
"109989094002","109989007002"
"109989095001","109989015001"
"109989098001","109989060001"
"109989099001","109989011002"
"109989100002","109989028002"
"109989101001","109989012001"
"109989102002","109989013002"
"109989103002","109989014002"
"109989104001","109989044001"
"109989105001","109989016001"
"109989107001","109989019001"
"109989108001","109989025001"
"109989111001","109989024001"
"109989112001","109989020001"
"111875001004","111867198004"
"111876001002","111867197003"
"111881001004","111867184003"
"111882001003","111867203003"
"111885001001","111867208003"
"111890001005","111867136005"
"111891001002","111867137002"
"111892001007","111867190004"
"113516006002","113520001002"
"113745001002","113595001001"
"114347001001","103180003001"
"114351001002","103180002002"
"115560001001","103082002001"
"116217001002","116218001003"
"122486103005","122486034005"
"122486104003","122486056009"
"122486105008","122486037005"
"122486106005","122486100005"
"122486107007","122486014005"
"122486109002","122486057005"
"122486110006","122486039008"
"122486111006","122486019001"
"122486112008","122486097003"
"127057193007","217371095006"
"127057195008","217371099005"
"127057198008","217371045007"
"127057206005","217371049005"
"127057207003","217371102005"
"127057235004","217371021006"
"127057237008","217371052005"
"127057240004","217371053003"
"127057241008","217371106004"
"127057242009","217371091005"
"127057243005","217371023006"
"127057244004","217371068004"
"127484001001","127483019001"
"127484002001","127483021001"
"127484005005","900002151002"
"127484006003","127483017001"
"127484007002","127483001001"
"127484008002","900002126004"
"127484009001","127483014001"
"127484011001","127483022003"
"127484012002","127483008004"
"127484013001","127483030001"
"127484014001","127483035002"
"127484017001","127483002001"
"127484019001","127483011002"
"127484020002","127483067001"
"216481001003","216482001002"
"217091001001","216733001001"
"222491002003","222488072003"
"222491003003","222487031007"
"222491005006","222490012006"
"222491008007","222489039005"
"222491010006","222487026008"
"222491011004","222488068006"
"222491012006","222490020005"
"222491014003","222488075007"
"222491015006","222487048001"
"222491017006","222489008002"
"222491018007","222489035002"
"222491019005","222490027006"
"222491022005","222489029001"
"222491023002","222488002002"
"222491025004","127057146001"
"222491026004","222489052005"
"222491027006","222488053008"
"222491028004","222490007012"
"222491030011","222488025006"
"222491031006","222487037007"
"222491034005","222488033004"
"222491035009","222489034005"
"222491036009","222490005006"
"222491037006","222488010008"
"222491039008","222489051004"
"222491041003","222488074007"
"222491043004","222489014005"
"222491045005","222489018007"
"222491047003","222489047007"
"222491048004","222489048010"
"222491051010","222488035004"
"222491053008","222488049007"
"222491056004","222487060005"
"222491061006","222487042005"
"222491069004","222489053005"
"222491070001","222487015001"
"222491071004","222489040004"
"222491076004","222487041006"
"222491081006","222489041004"
"222491082004","222488036004"
"222491083002","222488052002"
"222491084004","222487034009"
"222491086006","222488044007"
"222491090004","222487040005"
"222491094006","222487007003"
"222491096004","222487007003"
"222491097004","222486001002"
"222491098005","222490004005"
"222491102006","222487029008"
"222491106004","222487054004"
"222491109003","222489039005"
"222491110009","222488056007"
"222491113003","222488001003"
"222491114004","222486004004"
"222491119002","222489043005"
"222491120003","222487033002"
"222491124003","222487014005"
"222491129005","222487021004"
"222491130008","222488005010"
"222491133005","222487038006"
"222491134003","222488078001"
"222491139003","222490028003"
"222491141003","127057146001"
"222491143003","222487036004"
"222491145001","222488018001"
"222491150007","222490002005"
"222491155008","222487053004"
"222491158004","222489015006"
"222491165005","222487047005"
"222491168006","222488069007"
"222491170006","222489021005"
"222491173004","222489057004"
"222515011003","222515002002"
"222515013001","222515004001"
"222515014001","222515005003"
"222516008001","222516002001"
"222516009001","222516003004"
"222516011001","222550001002"
"222516012001","222516006004"
"222517011002","222517003003"
"222517012011","222517004006"
"222517013001","222517005003"
"222517015002","222517007002"
"222518003001","222534001001"
"222520069004","222520038005"
"222520072007","222520034006"
"222520073007","222521019005"
"222520074005","222520043002"
"222520078005","222520033004"
"222520079005","222520013004"
"222520083004","222520032004"
"222520084004","222520045006"
"222520085002","222520020003"
"222520086005","222520020003"
"222520088003","222520030005"
"222520089003","222521016004"
"222520095002","222520037003"
"222520096002","222521048004"
"222520098004","222521010003"
"222520099002","222520063003"
"222520104003","222520017007"
"222520107005","222520019002"
"222520108005","222521031002"
"222520113003","222521062006"
"222520114004","222520051008"
"222520115002","222521006003"
"222520119004","222521059004"
"222520120005","222520058007"
"222521071005","222521053003"
"222522066003","222522027004"
"222522071002","222522011002"
"222522073006","222522062009"
"222522075004","222522013002"
"222522077005","222522035004"
"222522080005","222522063004"
"222522082005","222522044004"
"222522086005","222522033004"
"222522087003","222522018005"
"222522088005","222522020006"
"222522091006","222522038006"
"222522092004","222522060004"
"222522099003","222522010002"
"222522101005","222522009004"
"222522105001","222522054001"
"222522107001","222522055001"
"222522114001","222522037003"
"222530002002","222584001005"
"222540002002","222540001004"
"222542002002","222542001002"
"222546002001","222546001004"
"222548002002","222548001003"
"222549002002","222549001004"
"222549003002","222549001004"
"222556002001","222556001003"
"222557002001","222557001002"
"222583004007","222578084005"
"222583005004","222578052003"
"222583006006","222578064003"
"222583007004","222579137003"
"222583008006","222578105003"
"222583009004","222578080004"
"222583010006","222578058006"
"222583011009","222578073009"
"222583014003","222581072003"
"222583017007","222581012004"
"222583020006","222578092003"
"222583022004","222580002003"
"222583023003","222578025003"
"222583024006","222578001003"
"222583026006","222578107004"
"222583033003","222578096004"
"222583034003","222490013002"
"222583035002","222578114009"
"222583039007","222578074004"
"222583043006","222578030003"
"222583044006","222578028006"
"222583045005","222578109008"
"222583046005","222578068004"
"222583047004","222578023003"
"222583051003","222579123004"
"222583053002","222579115005"
"222583054007","222579113006"
"222583055006","222579112005"
"222583056004","222579130003"
"222583058004","222579135004"
"222583059005","222579099003"
"222583061004","222579078005"
"222583063004","222579066007"
"222583070005","222579093007"
"222583071006","222579002005"
"222583073001","222579030001"
"222583074007","222579054004"
"222583075006","222579109004"
"222583076005","222579152005"
"222583078005","222579155003"
"222583079003","222579064003"
"222583081006","222579069006"
"222583083003","222579036004"
"222583084004","222579079001"
"222583085007","222579013004"
"222583086008","222579058009"
"222583089006","222579106003"
"222583090003","222579120005"
"222583092005","222579047004"
"222583094006","222580082004"
"222583095002","222580023002"
"222583096003","222579062003"
"222583097004","222580084003"
"222583099005","222580089004"
"222583100006","222580080001"
"222583101004","222580060006"
"222583102007","222578088004"
"222583105004","222580001004"
"222583106004","222580031005"
"222583107009","222580026005"
"222583108005","222580019002"
"222583109002","222580104001"
"222583111003","222580059005"
"222583113003","222580022003"
"222583114004","222580098005"
"222583115009","222580091004"
"222583116007","222580051006"
"222583117006","222580021006"
"222583118005","222580045005"
"222583119005","222580020004"
"222583121002","222580111001"
"222583122004","222580068002"
"222583124003","222579128006"
"222583132003","222581078001"
"222583134004","222581050003"
"222583137004","222581040001"
"222583142004","222581064005"
"222583143002","222580096003"
"222583144004","222581031002"
"222583146006","222581069004"
"222583149003","222581062005"
"222583150005","222581091003"
"222583151003","222581082001"
"222583154004","222581010005"
"222583158006","222581084004"
"222594010001","222594001001"
"222594011001","222594001001"
"222594012001","222594002001"
"222594013001","222594003002"
"222594014001","222594003002"
"222594018001","222594006002"
"222594020001","222594007002"
"222594023001","222594009005"
"222594024001","222594009005"
"222595002001","222595001002"
"222595003001","222595001002"
"222596002001","222596001001"
"222596003001","222596001001"
"222597002002","222597001003"
"222597003003","222597001003"
"222599001005","222606008001"
"222600002001","222600001001"
"222600003001","222600001001"
"222601030001","222601001002"
"222601031001","222601003003"
"222601032001","222601003003"
"222601043001","222601010002"
"222601044001","222601010002"
"222601049003","222601014004"
"222601051001","222601015001"
"222601052001","222601015001"
"222601053001","222601016004"
"222601054001","222601016004"
"222601055002","222601017003"
"222601056002","222601017003"
"222601060002","222601019003"
"222601065001","222601023004"
"222601066001","222601023004"
"222601069001","222601025001"
"222629001005","222788194001"
"222629009005","222788166001"
"222629010006","222624019002"
"222629013001","222624039002"
"222629014004","222623088007"
"222629015004","222788019001"
"222629017004","222624007004"
"222629018003","222623104003"
"222629020005","222624011005"
"222629022005","222623100008"
"222629025005","222624048005"
"222629026004","222623049002"
"222629027007","222624037003"
"222629031004","222788032001"
"222629032005","222623022006"
"222629033005","222788023001"
"222629034006","222624072008"
"222629038004","222623102002"
"222629040003","222624071003"
"222629041007","222623003005"
"222629042004","222623043003"
"222629043003","222788225001"
"222629047004","222623026005"
"222629049005","222623033002"
"222629053004","222624060004"
"222629054006","222624017004"
"222629058005","222624004002"
"222629060008","222624031006"
"222629061004","222623007002"
"222629063004","222624052007"
"222629065006","222624015005"
"222629068005","222788097001"
"222629069008","222623075003"
"222629070008","222623021006"
"222629071004","222788083001"
"222629075006","222788087001"
"222629076004","222623115006"
"222629081006","222624022004"
"222629082004","222788015002"
"222631003005","222630232004"
"222631004004","222630066003"
"222631005004","222630173003"
"222631006005","222630101004"
"222631007004","222630090003"
"222631008006","222630002004"
"222631011002","222630062003"
"222631012002","222630100005"
"222631013003","222630069001"
"222631014004","222630079004"
"222631015003","222630184003"
"222631016005","222630116003"
"222631019009","222630059004"
"222631020005","222630178003"
"222631021005","222630102005"
"222631022004","222630170003"
"222631023003","222630207004"
"222631025005","222630003010"
"222631028005","222630155004"
"222631029002","222630147003"
"222631031004","222630061005"
"222631032006","222630022006"
"222631035003","222630044003"
"222631036004","222630098003"
"222631039005","222630169005"
"222631040004","222630205004"
"222631041004","222630157002"
"222631042003","222630120002"
"222631043004","222630053002"
"222631044004","222630113003"
"222631045003","222630006007"
"222631047002","222630097006"
"222631048006","222630234005"
"222640001001","222639005003"
"222640002003","222639032001"
"222640003002","222639010003"
"222640004003","222639132002"
"222640005001","222639048001"
"222640006002","222639026003"
"222640012002","222639116003"
"222640015004","222639115006"
"222640023003","222639017004"
"222640030001","222639052001"
"222640036001","222639123001"
"222640038005","222639069003"
"222640042005","222639133004"
"222640043001","222639070003"
"222640046003","222639098003"
"222640049003","222639085006"
"222640050003","222639106006"
"222640052002","222639097005"
"222640053002","222639039006"
"222640063003","222639029001"
"222640065003","222639029001"
"222640066005","222639108003"
"222640068003","222639111004"
"222640069005","222639044004"
"222640070002","222639047003"
"222640071002","222639047003"
"222640076003","222639110002"
"222640084003","222639077005"
"222640092003","222639084001"
"222640093002","222639108003"
"222640097005","222639126001"
"222640098004","222639138003"
"222640101002","222639083005"
"222640110002","222639129002"
"222640112003","222639013004"
"222640114002","222639014001"
"222640115002","222639061003"
"222640117004","222639080003"
"222640118005","222639078002"
"222640120004","222639064004"
"222640121004","222639025003"
"222652002004","222650057003"
"222652003004","222650003005"
"222652008002","222648022003"
"222652010005","222649071003"
"222652011003","222650079002"
"222652013005","222650054001"
"222652014001","222650093001"
"222652015004","222649045003"
"222652021002","222649041002"
"222652023004","222648030003"
"222652024002","222650008004"
"222652025003","222650052002"
"222652029002","222650077001"
"222652032004","222650071003"
"222652033005","222649064002"
"222652038001","222650074001"
"222652039003","222650033002"
"222652043003","222649060002"
"222652049005","222650012003"
"222652051006","222650075003"
"222652052005","222649068004"
"222652055002","222650086002"
"222652056003","222649009004"
"222652057003","222649002004"
"222652059004","222650022001"
"222652060002","222649016002"
"222652061003","222650069002"
"222652065002","222650020003"
"222652066001","222648063001"
"222652067002","222648055002"
"222652069002","222650102002"
"222652070003","222650072003"
"222652074005","222649020004"
"222652075003","222648150003"
"222652082004","222648159002"
"222652085004","222648068001"
"222652086002","222648183003"
"222652087003","222648072003"
"222652089006","222648104002"
"222652090004","222648111004"
"222652091004","222648125004"
"222652092002","222648080002"
"222652094004","222648044004"
"222652095006","222648149004"
"222652097006","222648185005"
"222652098004","222648071003"
"222652099005","222648197005"
"222652101007","222648091004"
"222652103004","222648043003"
"222652105005","222648107002"
"222652106006","222648155002"
"222661002002","222659046004"
"222661003004","222659116003"
"222661009002","222659119003"
"222661011005","222659014002"
"222661013002","222659106003"
"222661016001","222659102003"
"222661017004","222659082003"
"222661018001","222659129003"
"222661019002","222659087002"
"222661021003","222659038005"
"222661023002","222659024003"
"222661024005","222659112005"
"222661026002","222659058003"
"222661027003","222659127003"
"222661028004","222659121002"
"222661029001","222659054001"
"222661031005","222659074003"
"222661032003","222659105001"
"222661033003","222659036002"
"222661034004","222659085005"
"222661035003","222659012003"
"222661036003","222659096003"
"222661037002","222659029003"
"222661038003","222659130006"
"222661039002","222659107001"
"222661040002","222659056002"
"222661041003","222659050002"
"222661043003","222659113003"
"222661044001","222659125001"
"222661045004","222659128003"
"222664105002","127543001001"
"222668002004","222666053002"
"222668003002","222666022004"
"222668005003","222666080002"
"222668006003","222666195004"
"222668007005","222666131003"
"222668009002","222666230002"
"222668010003","222666204002"
"222668011003","222666222003"
"222668012003","222666118003"
"222668014003","222666078002"
"222668015002","222666224003"
"222668018004","222666046004"
"222668022004","222666179005"
"222668023003","222666228002"
"222668024002","222666203002"
"222668026002","222666216003"
"222668027002","222666191002"
"222668031003","222666236004"
"222668032004","222666198003"
"222668034003","222666133004"
"222668035003","222666214004"
"222668036004","222666223006"
"222668037003","222666065003"
"222668038004","222666232007"
"222668039003","222666126003"
"222668041003","222666189004"
"222668042003","222666212003"
"222668044003","222666098003"
"222668045001","222666059001"
"222668046004","222666220004"
"222668047001","222666029001"
"222668048002","222666019001"
"222668049006","222666242003"
"222668050004","222666049004"
"222668052001","222666015003"
"222668054002","222666038002"
"222668055005","222666064003"
"222668057005","222666034003"
"222668058003","222666205004"
"222668059003","222666168005"
"222668062003","222666237002"
"222668065005","222666056004"
"222668069003","222666152002"
"222668070002","222666063002"
"222668071003","222666181004"
"222685001001","222683154003"
"222685005003","222683147004"
"222685008002","222683148004"
"222685009003","222683159002"
"222685010004","222683133003"
"222685011002","222683057001"
"222685012003","222683043002"
"222685015004","222683200005"
"222685016003","222683022002"
"222685018003","222683166002"
"222685019001","222683162001"
"222685020002","222683041004"
"222685022005","222683027002"
"222685023002","222683006003"
"222685026004","222683100003"
"222685028003","222683167004"
"222685029004","222683197003"
"222685030003","222683082001"
"222685032003","222683021003"
"222685033004","222683025004"
"222685037002","222683208003"
"222685038003","222683134003"
"222685039002","222683151002"
"222685040003","222683038002"
"222685041002","222683193002"
"222685043003","222683146003"
"222685048002","222683101002"
"222685049003","222683107002"
"222685051001","222683024002"
"222685052002","222683185004"
"222685058003","222683136002"
"222685059003","222683215007"
"222685061004","222683091002"
"222685063004","222683054001"
"222685064002","222683209003"
"222685065002","222683087002"
"222689001002","222686019005"
"222689002004","222686009002"
"222689003003","222686050002"
"222689004003","222687015004"
"222689005002","222686060001"
"222689006003","222686094002"
"222689007001","222686115001"
"222689008002","222686100003"
"222689009002","222686077002"
"222689010003","222686007006"
"222689011002","222686011004"
"222689012002","222687002002"
"222689013002","222686079003"
"222689016001","222686016001"
"222689017005","222686066002"
"222689018002","222687003005"
"222689024003","222687014004"
"222689026001","222686131001"
"222689030003","222686129002"
"222692010003","222694009001"
"222697001001","222699008001"
"222697007001","222699016001"
"222697008001","222699015001"
"222697009001","222699013001"
"222697011001","222699012001"
"222697015001","222734001002"
"222697016001","222731001001"
"222697018001","222725001001"
"222697019001","222695012001"
"222697020001","222692005001"
"222697021001","222700014002"
"222697023002","222695021002"
"222697024001","222692014001"
"222697026001","222695022001"
"222697027001","222719001001"
"222697029001","222695009001"
"222697030001","222729001001"
"222697032001","222724001001"
"222697034001","222735001002"
"222697036002","222713001003"
"222697037001","222712001001"
"222697038003","222720001002"
"222697040001","222727001001"
"222697041001","222723001001"
"222697042001","222722001001"
"222697048002","222700013004"
"222697049002","222695020001"
"222697051002","222695018001"
"222697052003","222695002002"
"222697053002","222700008001"
"222697054002","222700019002"
"222697056005","222700005001"
"222697058002","222700015001"
"222697060001","222700028002"
"222697095001","222700009001"
"222697097001","222695005001"
"222697102001","222715001001"
"222697104001","222717001002"
"222697105001","222718001001"
"222710003002","222708207003"
"222710006002","222708034003"
"222710009002","222708112003"
"222710010002","222708112003"
"222710020001","222708008002"
"222710024002","222708212002"
"222710025001","222708100001"
"222710026001","222708012002"
"222710028001","222708050001"
"222710034003","222708214003"
"222710035003","222708257002"
"222710039002","222708223002"
"222710043002","222708193004"
"222710045002","222708109002"
"222710047001","222708183001"
"222710048001","222708016001"
"222710049001","222708235001"
"222710050001","222708232002"
"222710051002","222708048002"
"222710053001","222708042001"
"222710054004","222708260003"
"222710058002","222708240002"
"222710060003","222708065002"
"222710062002","222708087003"
"222710064003","222708187002"
"222710065001","222708153001"
"222710069003","222708248001"
"222710070001","222708228002"
"222710071002","222708201002"
"222710079002","222708058002"
"222710080002","222708166002"
"222710084003","222708192002"
"222710092001","222708011001"
"222710095002","222708135002"
"222710096002","222708060002"
"222710097002","222708011001"
"222710098002","222708017002"
"222710099002","222708172002"
"222710100001","222708247001"
"222710106001","222708189003"
"222710109003","222708182002"
"222710110003","222708094002"
"222710116001","222708259001"
"222710117001","222708217002"
"222710118002","222708068004"
"222710120002","222708049002"
"222710121002","222708200001"
"222710127002","222708084001"
"222710130002","222708231004"
"222710133001","222708154001"
"222710134001","222708090001"
"222710136003","222708159003"
"222710137002","222708185002"
"222710138003","222708070002"
"222710141002","222708205001"
"222710143001","222708160001"
"222710144001","222708160001"
"222710146003","222708139002"
"222710147002","222708198003"
"222710148002","222708198003"
"222710151002","222708038002"
"222710152001","222708110002"
"222710155001","222708040002"
"222710157002","222708128001"
"222710158003","222708071002"
"222710159001","222708083001"
"222710161001","222708161001"
"222710164001","222708073002"
"222710165001","222708073002"
"222710169001","222708046002"
"222710170001","222708046002"
"222710175002","222708141003"
"222737169002","222737116001"
"222739001001","222737194002"
"222739002002","222737121002"
"222739003002","222737253002"
"222739005002","222737198003"
"222739006001","222737102001"
"222739007001","222737199001"
"222739008001","222737001001"
"222739009002","222737178003"
"222739010003","222737183002"
"222739011002","222737056001"
"222739012001","222737251001"
"222739013001","222737247001"
"222739014001","222737104001"
"222739015001","222737032001"
"222739017003","222737206001"
"222739018002","222737189002"
"222739021001","222737258001"
"222739022002","222737076002"
"222739024002","222737184002"
"222739025003","222737049001"
"222739026002","222737116001"
"222739027002","222737226003"
"222739028002","222737198003"
"222739031002","222737235001"
"222739032002","222737035002"
"222739034001","222737055001"
"222739035001","222737207001"
"222739037001","222737136001"
"222739040002","222737153002"
"222739041002","222737112002"
"222739042002","222737211004"
"222743001002","222741055001"
"222743002002","222741045002"
"222743003001","222741058001"
"222743004002","222741036002"
"222743006004","222741098002"
"222743007003","222741086002"
"222743009001","222741088001"
"222743011002","222741018002"
"222743012002","222741072002"
"222743013002","222741052003"
"222743015001","222741046001"
"222743016001","222741040001"
"222743017001","222741070001"
"222743019002","222741079003"
"222743020003","222741057003"
"222743021003","222741089002"
"222743022002","222741015001"
"222743023001","222741067001"
"222743024002","222741087001"
"222743025002","222741034001"
"222743026001","222741044001"
"222743027001","222741024001"
"222743028001","222741087001"
"222743029002","222741073002"
"222743030004","222741066003"
"222743031003","222741084001"
"222743032001","222741093001"
"222747010001","222744130001"
"222748002001","222749292001"
"222748003003","222749250001"
"222748005002","222749042001"
"222748006002","222749200001"
"222748007001","222749274001"
"222748008001","222749144001"
"222748010002","222749113001"
"222748012002","222749184002"
"222748014001","222749050002"
"222748015001","222749098002"
"222748017001","222749084001"
"222748018001","222749147001"
"222748019002","222749276001"
"222748021002","222749291001"
"222748023001","222749079001"
"222748025001","222749070002"
"222748026002","222749259001"
"222748027001","222749157001"
"222748028001","222749017001"
"222748029001","222749109002"
"222748035001","222749063001"
"222748036001","222749013002"
"222748037001","222749231001"
"222748038001","222749059002"
"222748040001","222749135001"
"222748043002","222749092001"
"222748046001","222749055001"
"222748048002","222749264001"
"222748049001","222749229002"
"222748050001","222749010001"
"222748052001","222749242001"
"222748056003","222749245001"
"222748058001","222749266001"
"222748059001","222749011001"
"222748061002","222749158002"
"222748062001","222749240001"
"222748068001","222749289001"
"222748069003","222749307001"
"222748070002","222749141002"
"222748072001","222749010001"
"222756001001","222753004001"
"222756002001","222753040001"
"222756003001","222753044001"
"222756004001","222753098001"
"222756005002","222753076002"
"222756006001","222753059001"
"222756007002","222753033001"
"222756009001","222753048001"
"222756010002","222753034002"
"222756014002","222753057001"
"222756017001","222752130001"
"222756018002","222752169001"
"222756020002","222752063002"
"222756021002","222752112001"
"222756022001","222752062001"
"222756023002","222752095001"
"222756024001","222752069001"
"222756026001","222752087001"
"222756030003","222752016002"
"222756032002","222752153001"
"222756033001","222752049001"
"222756036002","222753028001"
"222756037001","222752040001"
"222756038001","222752139001"
"222756039003","222753076002"
"222756041003","222752162001"
"222756042002","222752037002"
"222756044003","222753036001"
"222756045002","222752044002"
"222760001003","222758173002"
"222760002002","222758197002"
"222760003002","222758188001"
"222760004002","222758092002"
"222760005002","222758338001"
"222760007001","222758348001"
"222760008002","222758048002"
"222760009002","222758161001"
"222760012002","222758069001"
"222760013003","222758153001"
"222760014001","222758109001"
"222760015001","222758342001"
"222760017001","222758003001"
"222760018001","222758041001"
"222760019004","222758005003"
"222760020002","222758290001"
"222760021001","222758330001"
"222760023003","222758080002"
"222760024003","222758103002"
"222760025001","222758013001"
"222760026002","222758211002"
"222760028003","222758232002"
"222760029003","222758343001"
"222760030003","222758318001"
"222760031002","222758139002"
"222760033002","222758309001"
"222760035001","222758017001"
"222760036002","222758305001"
"222760038002","222758144002"
"222760040004","222758267003"
"222760042002","222758256003"
"222790004001","222788231002"
"222790005001","222788061001"
"222790006001","222788106001"
"222790007001","222788212002"
"222790008001","222788038002"
"222790011001","222788075003"
"222794002002","222792342001"
"222794004002","222792312001"
"222794005002","222792374001"
"222794007001","222792057001"
"222794009001","222792027001"
"222794011001","222792197001"
"222794012001","222792154001"
"222794013001","222792001001"
"222794014001","222792106001"
"222794015001","222792062001"
"222794016001","222792166001"
"222794017001","222792102001"
"222794019002","222792111002"
"222794020001","222792072001"
"222794025001","222792013001"
"222794026001","222792297001"
"222794029001","222792173001"
"222794030001","222792116001"
"222794035001","222792163002"
"222794037001","222792115001"
"222794038002","222792164001"
"222814001001","222811144001"
"222814002001","222811147001"
"222814008001","222811096001"
"222814011001","222811134001"
"222814024001","222811116001"
"317351090002","317351081002"
"317351093004","317351087002"
"317351094002","317351089001"
"317351096004","317351021005"
"317351097002","317351088001"
"317351098002","317351058001"
"317351100002","317351062002"
"317351102005","318292072003"
"317351103002","317351041002"
"317351104002","317351030002"
"317351105002","317351029001"
"317351143001","317351009002"
"317355031001","317355027001"
"317355033002","317355025002"
"317355036001","317355008002"
"317355039001","317355021001"
"317355041001","317354014001"
"317355043001","317355011002"
"317355044001","317355026002"
"317355053002","317355001001"
"317355056001","317355027001"
"317355060001","317355020002"
"317355062002","317354023002"
"317355066001","317355017001"
"317355067001","317354008002"
"317355069001","317355002001"
"317355070001","317355002001"
"317355071001","317355001001"
"317356004003","317352078002"
"317356011002","317352037001"
"317356012002","317352037001"
"317356015002","317352006001"
"317356021002","317352131001"
"317356029004","317352078002"
"317356030002","317352078002"
"317356035002","317352120001"
"317356037003","317352112006"
"317356038002","317352127001"
"317356039003","317352155002"
"317356043002","317352013001"
"317356044002","317352044002"
"317356047003","317352031002"
"317356048003","317352065002"
"317356049001","317352031002"
"317356050002","317352152002"
"317356054003","317352071003"
"317356055002","317352085001"
"317356061002","317352067002"
"317356067003","317353076002"
"317356068004","317353067003"
"317356069002","317352006001"
"317356080002","317353018002"
"317356081003","317353070002"
"317356082002","317352058002"
"317356083002","317352130003"
"317356088002","317353076002"
"317356091002","317353002002"
"317356105003","317353068001"
"317356106002","317353068001"
"317356110002","317353068001"
"317682001001","317678009001"
"317682003001","317676001001"
"317682006001","317678011001"
"317682007001","317678011001"
"317682010002","317681010001"
"317682011002","317676001001"
"317682012001","317681005001"
"317682013001","317676003001"
"317682017001","317677010001"
"317682019002","317678015001"
"317682020001","317677010001"
"317682022002","317678011001"
"317682028002","317675008001"
"317682034001","317681010001"
"317682038001","317680004001"
"317682045001","317675002006"
"317682057001","317677010001"
"318007001001","317902001001"
"318010001002","317911001001"
"318013001003","317931001001"
"318014001001","317926001001"
"318017001002","317933001001"
"318031001001","317951001001"
"318035001001","317965001001"
"318036001002","317881001002"
"318056001005","317923007003"
"418537031003","418538011009"
"418537053003","418537013002"
"418574046002","418574016003"
"418574049002","418574027003"
"418576116002","418576014002"
"418576117003","418576092004"
"418576120006","418576057003"
"418578105004","418578046001"
"418578112004","418578017001"
"418578113003","418578083006"
"418639001002","418640001003"
"418639002002","418634009003"
"418639006001","418634007005"
"418639011001","418635003003"
"418639013001","418636011007"
"418639014003","418636027005"
"418639024002","418636002002"
"418639032001","418638008002"
"418639034001","418638010001"
"418639035002","418638011001"
"418639036001","418636009006"
"418639037001","418636010001"
"418639039001","418636015002"
"418639041001","418636018004"
"418639045001","418636024001"
"418639046002","418636025005"
"418639051001","418637025002"
"418639054001","418637020003"
"418639057002","418636029003"
"418639060002","418637013002"
"418639066001","418637016004"
"418639067001","418637001003"
"418639069002","418637028001"
"418645141003","418645120003"
"418645152002","418645121003"
"900003004001","900002042001"
"900003008002","127483038001"
"900003009005","900002092003"
"900003010003","127483079001"
"900003011004","127483074001"
"900003013006","900002106004"
"900003015002","900002153003"
"900003016004","900002135003"
"900003018005","127483055002"
"900003019003","127483066001"
"900003021004","900002097003"
"900003022004","900002075001"
"900003026005","127483062001"
"900003027003","127483065001"
"900003029003","127483011002"
"900003033004","127483075002"
